setup_js.started,setup_js.stopped,participant,date,expName,psychopyVersion,OS,frameRate,Instructions1.started,Instructions1.stopped,key_resp_2.keys,key_resp_2.rt,key_resp_2.duration,Instructions2.started,Instructions2.stopped,key_resp_3.keys,key_resp_3.rt,key_resp_3.duration,Instructions3.started,Instructions3.stopped,key_resp_4.keys,key_resp_4.rt,key_resp_4.duration,Instructions4.started,Instructions4.stopped,key_resp_5.keys,key_resp_5.rt,key_resp_5.duration,Instructions5.started,Instructions5.stopped,key_resp_10.keys,key_resp_10.rt,key_resp_10.duration,Instructions6b.started,Instructions6b.stopped,key_resp_16.keys,key_resp_16.rt,key_resp_16.duration,Instructions6.started,Instructions6.stopped,key_resp_13.keys,key_resp_13.rt,key_resp_13.duration,memoranda.started,memoranda.stopped,isi1.started,isi1.stopped,probe.started,probe.stopped,mouse.x,mouse.y,mouse.leftButton,mouse.midButton,mouse.rightButton,mouse.time,mouse.clicked_name,resp_correct,taskPhase,correct_ans.started,correct_ans.stopped,ITI.started,ITI.stopped,prac_trials.thisRepN,prac_trials.thisTrialN,prac_trials.thisN,prac_trials.thisIndex,prac_trials.ran,attend,reliability,validity,test_item,reliability_time,cue_time,delay_1_time,delay_2_time,ping_time,delay_3_time,probe_time,noise_mask_time,iti_dur,pilot_info,ping_im_flash1,ping_im_flash2,ping_im_flash3,ping_im_flash4,ping_im_flash5,stim_side,img1,img2,ping_img,left_img,right_img,right_cue_length,left_cue_length,right_cue_offset,left_cue_offset,attend_direction,rec_length,distractor_0,distractor_0_type,distractor_1,distractor_1_type,distractor_2,distractor_2_type,distractor_3,distractor_3_type,mem_x,mem_y,dismem_x,dismem_y,dis0_x,dis0_y,dis1_x,dis1_y,dis2_x,dis2_y,dis3_x,dis3_y,mem_stim,distractor_stim,probe_direction,cue_img,repeat_code.started,repeat_code.stopped,key_resp_14.keys,key_resp_14.rt,key_resp_14.duration,repeat_prac.thisRepN,repeat_prac.thisTrialN,repeat_prac.thisN,repeat_prac.thisIndex,repeat_prac.ran,Instructions7.started,Instructions7.stopped,key_resp_15.keys,key_resp_15.rt,key_resp_15.duration,Instructions8.started,Instructions8.stopped,key_resp_6.keys,key_resp_6.rt,key_resp_6.duration,key_resp_7.keys,key_resp_7.rt,key_resp_7.duration,Instructions9.started,Instructions9.stopped,key_resp_8.keys,key_resp_8.rt,key_resp_8.duration,Instructions10.started,Instructions10.stopped,key_resp_9.keys,key_resp_9.rt,key_resp_9.duration,intro_txt.started,intro_txt.stopped,key_resp_11.keys,key_resp_11.rt,key_resp_11.duration,initial_wait.started,initial_wait.stopped,reliability_cue.started,reliability_cue.stopped,isi2.started,isi2.stopped,ping.started,ping.stopped,noise_mask.started,noise_mask.stopped,isi3.started,isi3.stopped,block_break.started,block_break.stopped,key_resp.keys,loop_trials.thisRepN,loop_trials.thisTrialN,loop_trials.thisN,loop_trials.thisIndex,loop_trials.ran,repeat_practice_code.started,repeat_practice_code.stopped,key_resp_12.keys,repeat_practice.thisRepN,repeat_practice.thisTrialN,repeat_practice.thisN,repeat_practice.thisIndex,repeat_practice.ran,demo_prac_task.thisRepN,demo_prac_task.thisTrialN,demo_prac_task.thisN,demo_prac_task.thisIndex,demo_prac_task.ran,condsFile,introTXT,trial,root,concept_root_x,concept_im1_x,concept_im2_x,IT_diff,V2_diff,Image1,Image2,IT_root_im1,IT_root_im2,IT_im1_im2,V2_root_im1,V2_root_im2,V2_im1_im2,cat_root,cat_im1,cat_im2,concept_root_y,concept_im1_y,concept_im2_y,V2_im2_minus_im1,IT_im2_minus_im1,IT_most_similar,V2_most_similar,cond_file,trials.thisRepN,trials.thisTrialN,trials.thisN,trials.thisIndex,trials.ran,trials.order,trials_3.thisRepN,trials_3.thisTrialN,trials_3.thisN,trials_3.thisIndex,trials_3.ran,trials_3.order,taskPhases,conditions_choice,demo_prac_task.order,repeat_practice.order,loop_trials.order
0.0002,0.0004,164275,2024-11-26_10h16.13.161,WM_Deepgen,2023.2.1,MacIntel,59.88023952,,,,,,,,,,,,,,,,,,,,,,,,,,,,,,,,,,,,,,,,,,,,,,,,,,,,,,,,,,,,,,,,,,,,,,,,,,,,,,,,,,,,,,,,,,,,,,,,,,,,,,,,,,,,,,,,,,,,,,,,,,,,,,,,,,,,,,,,,,,,,,,,,,,,,,,,,,,,,,,,,,,,,,,,,,,,,,,,,,,,,,,,,,,,,,,,,,,,,,,,,,,,,,,,,,,,,,,,,,,,,,,,,,,,,,
,,164275,2024-11-26_10h16.13.161,WM_Deepgen,2023.2.1,MacIntel,59.88023952,0.0006,5.5618,y,4.5323,,,,,,,,,,,,,,,,,,,,,,,,,,,,,,,,,,,,,,,,,,,,,,,,,,,,,,,,,,,,,,,,,,,,,,,,,,,,,,,,,,,,,,,,,,,,,,,,,,,,,,,,,,,,,,,,,,,,,,,,,,,,,,,,,,,,,,,,,,,,,,,,,,,,,,,,,,,,,,,,,,,,,,,,,,,,,,,,,,,,,,,,,,,,,,,,,,,,,,,,,,,,,,,,,,,,,,,,,,,,,,,,,,
,,164275,2024-11-26_10h16.13.161,WM_Deepgen,2023.2.1,MacIntel,59.88023952,,,,,,5.5642,19.7447,y,13.15,,19.7449,24.3613,y,3.592,,24.3615,32.7113,y,7.3152,,32.7115,40.3774,y,6.6396,,40.3776,42.4279,y,1.0293,,42.4301,48.0442,y,4.5824,,48.0523,50.0442,50.0443,50.5443,50.5445,55.5448,[],[],[],[],[],[],[],0,intro,55.5454,56.5447,56.5449,57.5447,0,0,0,1,1,img1,0.666666667,invalid,img2,0,2,0.5,0.25,0,0,5,0,1,flashing_distractor,0.2,0.2,0.2,0.2,0.2,1,./stimuli/demo_stims/fire_alarm_01b.jpg,./stimuli/demo_stims/gorilla_02s.jpg,./stimuli/demo_stims/barbell_08s.jpg,./stimuli/demo_stims/fire_alarm_01b.jpg,./stimuli/demo_stims/gorilla_02s.jpg,0.06875,0.09625,0.034375,-0.048125,left,0.33,./stimuli/demo_stims/fire_alarm_20s.jpg,im1_distractor,./stimuli/demo_stims/fire_alarm_07s.jpg,im1_distractor,./stimuli/demo_stims/gorilla_21s.jpg,im2_distractor,./stimuli/demo_stims/gorilla_12s.jpg,im2_distractor,0,-0.35,0.37,-0.25,0,0.35,-0.37,-0.25,0.37,0.25,-0.37,0.25,./stimuli/demo_stims/gorilla_02s.jpg,./stimuli/demo_stims/fire_alarm_01b.jpg,right,./stimuli/cue_right.png,,,,,,,,,,,,,,,,,,,,,,,,,,,,,,,,,,,,,,,,,,,,,,,,,,,,,,,,,,,,,,,,,,,,,,,,,,,,,,,,,,,,,,,,,,,,,,,,,,,,,,,,,,,,,,,,,,,,
,,164275,2024-11-26_10h16.13.161,WM_Deepgen,2023.2.1,MacIntel,59.88023952,,,,,,,,,,,,,,,,,,,,,,,,,,,,,,,,,,,,57.5458,59.5441,59.5441,60.0439,60.0439,65.0443,[0.3448345115681234],[-0.21719352506426734],[1],[0],[0],[4.06569999980934],"[""distractor_im_1""]",0,intro,65.0445,66.0442,66.0443,67.0442,0,1,1,3,1,img1,0.666666667,valid,img1,0,2,0.5,0.25,0,0,5,0,1,flashing_distractor,0.2,0.2,0.2,0.2,0.2,-1,./stimuli/demo_stims/gavel_03s.jpg,./stimuli/demo_stims/cat_05s.jpg,./stimuli/demo_stims/scraper_12s.jpg,./stimuli/demo_stims/cat_05s.jpg,./stimuli/demo_stims/gavel_03s.jpg,0.09625,0.06875,0.048125,-0.034375,right,0.33,./stimuli/demo_stims/gavel_08s.jpg,im1_distractor,./stimuli/demo_stims/gavel_07s.jpg,im1_distractor,./stimuli/demo_stims/cat_08s.jpg,im2_distractor,./stimuli/demo_stims/cat_12s.jpg,im2_distractor,0,-0.35,0,0.35,0.37,0.25,0.37,-0.25,-0.37,-0.25,-0.37,0.25,./stimuli/demo_stims/gavel_03s.jpg,./stimuli/demo_stims/cat_05s.jpg,right,./stimuli/cue_right.png,,,,,,,,,,,,,,,,,,,,,,,,,,,,,,,,,,,,,,,,,,,,,,,,,,,,,,,,,,,,,,,,,,,,,,,,,,,,,,,,,,,,,,,,,,,,,,,,,,,,,,,,,,,,,,,,,,,,
,,164275,2024-11-26_10h16.13.161,WM_Deepgen,2023.2.1,MacIntel,59.88023952,,,,,,,,,,,,,,,,,,,,,,,,,,,,,,,,,,,,67.0447,69.0441,69.0443,69.5435,69.5436,74.5443,[0.41594533258354754],[0.2790608933161954],[1],[0],[0],[2.6311999998092688],"[""memoranda_stim""]",1,intro,74.5444,75.544,75.544,76.5441,0,2,2,0,1,img1,0.666666667,valid,img1,0,2,0.5,0.25,0,0,5,0,1,flashing_distractor,0.2,0.2,0.2,0.2,0.2,1,./stimuli/demo_stims/tricycle_12s.jpg,./stimuli/demo_stims/scarf_07s.jpg,./stimuli/demo_stims/hearse_02s.jpg,./stimuli/demo_stims/tricycle_12s.jpg,./stimuli/demo_stims/scarf_07s.jpg,0.06875,0.09625,0.034375,-0.048125,left,0.33,./stimuli/demo_stims/tricycle_07s.jpg,im1_distractor,./stimuli/demo_stims/tricycle_11s.jpg,im1_distractor,./stimuli/demo_stims/scarf_06s.jpg,im2_distractor,./stimuli/demo_stims/scarf_04s.jpg,im2_distractor,0.37,0.25,0,-0.35,0.37,-0.25,-0.37,-0.25,0,0.35,-0.37,0.25,./stimuli/demo_stims/tricycle_12s.jpg,./stimuli/demo_stims/scarf_07s.jpg,left,./stimuli/cue_left.png,,,,,,,,,,,,,,,,,,,,,,,,,,,,,,,,,,,,,,,,,,,,,,,,,,,,,,,,,,,,,,,,,,,,,,,,,,,,,,,,,,,,,,,,,,,,,,,,,,,,,,,,,,,,,,,,,,,,
,,164275,2024-11-26_10h16.13.161,WM_Deepgen,2023.2.1,MacIntel,59.88023952,,,,,,,,,,,,,,,,,,,,,,,,,,,,,,,,,,,,76.5447,78.5442,78.5443,79.044,79.0441,84.044,[-0.03804828084832905],[-0.3070623794987147],[1],[0],[0],[2.9130999999046026],"[""memoranda_stim""]",1,intro,84.0441,85.0441,85.0441,86.0442,0,3,3,2,1,img2,0.833333333,valid,img2,0,2,0.5,0.25,0,0,5,0,1,flashing_distractor,0.2,0.2,0.2,0.2,0.2,-1,./stimuli/demo_stims/toilet_paper_10s.jpg,./stimuli/demo_stims/hatchet_01b.jpg,./stimuli/demo_stims/marshmallow_04s.jpg,./stimuli/demo_stims/hatchet_01b.jpg,./stimuli/demo_stims/toilet_paper_10s.jpg,0.01375,0.15125,0.006875,-0.075625,left,0.33,./stimuli/demo_stims/toilet_paper_18s.jpg,im1_distractor,./stimuli/demo_stims/toilet_paper_03s.jpg,im1_distractor,./stimuli/demo_stims/hatchet_08s.jpg,im2_distractor,./stimuli/demo_stims/hatchet_20s.jpg,im2_distractor,0,-0.35,0.37,-0.25,0.37,0.25,-0.37,0.25,-0.37,-0.25,0,0.35,./stimuli/demo_stims/hatchet_01b.jpg,./stimuli/demo_stims/toilet_paper_10s.jpg,left,./stimuli/cue_left.png,,,,,,,,,,,,,,,,,,,,,,,,,,,,,,,,,,,,,,,,,,,,,,,,,,,,,,,,,,,,,,,,,,,,,,,,,,,,,,,,,,,,,,,,,,,,,,,,,,,,,,,,,,,,,,,,,,,,
,,164275,2024-11-26_10h16.13.161,WM_Deepgen,2023.2.1,MacIntel,59.88023952,,,,,,,,,,,,,,,,,,,,,,,,,,,,,,,,,,,,86.0451,88.0441,88.0443,88.5443,88.5443,93.5443,[-0.47770224132390743],[0.2316536793059126],[1],[0],[0],[1.2117000002861005],"[""memoranda_stim""]",1,intro,93.5445,94.5441,94.5442,95.5441,0,4,4,4,1,img1,0.666666667,valid,img1,0,2,0.5,0.25,0,0,5,0,1,flashing_distractor,0.2,0.2,0.2,0.2,0.2,1,./stimuli/demo_stims/bathmat_03s.jpg,./stimuli/demo_stims/paper_07s.jpg,./stimuli/demo_stims/pocket_08s.jpg,./stimuli/demo_stims/bathmat_03s.jpg,./stimuli/demo_stims/paper_07s.jpg,0.06875,0.09625,0.034375,-0.048125,left,0.33,./stimuli/demo_stims/bathmat_08s.jpg,im1_distractor,./stimuli/demo_stims/bathmat_04s.jpg,im1_distractor,./stimuli/demo_stims/paper_12s.jpg,im2_distractor,./stimuli/demo_stims/paper_08s.jpg,im2_distractor,-0.37,0.25,0.37,-0.25,0,-0.35,0,0.35,0.37,0.25,-0.37,-0.25,./stimuli/demo_stims/bathmat_03s.jpg,./stimuli/demo_stims/paper_07s.jpg,left,./stimuli/cue_left.png,,,,,,,,,,,,,,,,,,,,,,,,,,,,,,,,,,,,,,,,,,,,,,,,,,,,,,,,,,,,,,,,,,,,,,,,,,,,,,,,,,,,,,,,,,,,,,,,,,,,,,,,,,,,,,,,,,,,
,,164275,2024-11-26_10h16.13.161,WM_Deepgen,2023.2.1,MacIntel,59.88023952,,,,,,,,,,,,,,,,,,,,,,,,,,,,,,,,,,,,,,,,,,,,,,,,,,,,,,,,,,,,,,,,,,,,,,,,,,,,,,,,,,,,,,,,,,,,,,,,,,,,,,,,,,,,,,,,,,,95.5449,100.3112,y,3.7343,,0,0,0,0,1,,,,,,,,,,,,,,,,,,,,,,,,,,,,,,,,,,,,,,,,,,,,,,,,,,,,,,,,,,,,,,,,,,,,,,,,,,,,,,,,,,,,,,,,,,,,,,,,,,,,,,,,,,
,,164275,2024-11-26_10h16.13.161,WM_Deepgen,2023.2.1,MacIntel,59.88023952,,,,,,,,,,,,,,,,,,,,,,,,,,,,,,,100.3117,103.5272,y,2.1949,,103.5315,105.5275,105.5276,106.0272,106.0273,111.0275,"[0.3720226140745501,0.3616896288560411,0.3616896288560411]","[0.24883515424164523,0.22471481362467866,0.22471481362467866]","[1,1,1]","[0,0,0]","[0,0,0]","[2.1140000000000327,3.5141999998091933,4.313900000095373]","[""memoranda_stim"",""memoranda_stim"",""memoranda_stim""]",1,intro,111.0276,112.0273,112.0273,113.0271,0,0,0,0,1,img1,0.666666667,valid,img1,0,2,0.5,0.25,0,0,5,0,1,flashing_distractor,0.2,0.2,0.2,0.2,0.2,1,./stimuli/demo_stims/tricycle_12s.jpg,./stimuli/demo_stims/scarf_07s.jpg,./stimuli/demo_stims/hearse_02s.jpg,./stimuli/demo_stims/tricycle_12s.jpg,./stimuli/demo_stims/scarf_07s.jpg,0.06875,0.09625,0.034375,-0.048125,left,0.33,./stimuli/demo_stims/tricycle_07s.jpg,im1_distractor,./stimuli/demo_stims/tricycle_11s.jpg,im1_distractor,./stimuli/demo_stims/scarf_06s.jpg,im2_distractor,./stimuli/demo_stims/scarf_04s.jpg,im2_distractor,0.37,0.25,0,-0.35,0.37,-0.25,-0.37,-0.25,0,0.35,-0.37,0.25,./stimuli/demo_stims/tricycle_12s.jpg,./stimuli/demo_stims/scarf_07s.jpg,left,./stimuli/cue_left.png,,,,,,,,,,,,,,,,,,,,,,,,,,,,,,,,,,,,,,,,,,,,,,,,,,,,,,,,,,,,,,,,,,,,,,,,,,,,,,,,,,,,,,,,,,,,,,,,,,,,,,,,,,,,,,,,,,,,
,,164275,2024-11-26_10h16.13.161,WM_Deepgen,2023.2.1,MacIntel,59.88023952,,,,,,,,,,,,,,,,,,,,,,,,,,,,,,,,,,,,113.0276,115.0274,115.0275,115.5272,115.5273,120.5268,"[0.003981563303341902,0.04495200032133676]","[-0.2953436294987147,-0.33340195212082263]","[1,1]","[0,0]","[0,0]","[2.512700000286145,4.1793000001907785]","[""memoranda_stim"",""memoranda_stim""]",1,intro,120.5269,121.5273,121.5274,122.5272,0,1,1,1,1,img1,0.666666667,invalid,img2,0,2,0.5,0.25,0,0,5,0,1,flashing_distractor,0.2,0.2,0.2,0.2,0.2,1,./stimuli/demo_stims/fire_alarm_01b.jpg,./stimuli/demo_stims/gorilla_02s.jpg,./stimuli/demo_stims/barbell_08s.jpg,./stimuli/demo_stims/fire_alarm_01b.jpg,./stimuli/demo_stims/gorilla_02s.jpg,0.06875,0.09625,0.034375,-0.048125,left,0.33,./stimuli/demo_stims/fire_alarm_20s.jpg,im1_distractor,./stimuli/demo_stims/fire_alarm_07s.jpg,im1_distractor,./stimuli/demo_stims/gorilla_21s.jpg,im2_distractor,./stimuli/demo_stims/gorilla_12s.jpg,im2_distractor,0,-0.35,0.37,-0.25,0,0.35,-0.37,-0.25,0.37,0.25,-0.37,0.25,./stimuli/demo_stims/gorilla_02s.jpg,./stimuli/demo_stims/fire_alarm_01b.jpg,right,./stimuli/cue_right.png,,,,,,,,,,,,,,,,,,,,,,,,,,,,,,,,,,,,,,,,,,,,,,,,,,,,,,,,,,,,,,,,,,,,,,,,,,,,,,,,,,,,,,,,,,,,,,,,,,,,,,,,,,,,,,,,,,,,
,,164275,2024-11-26_10h16.13.161,WM_Deepgen,2023.2.1,MacIntel,59.88023952,,,,,,,,,,,,,,,,,,,,,,,,,,,,,,,,,,,,122.5281,124.5273,124.5274,125.0273,125.0274,130.0275,[0.2945302458226221],[-0.2864566597043702],[1],[0],[0],[3.495199999809188],"[""distractor_im_1""]",0,intro,130.0276,131.0272,131.0272,132.0271,0,2,2,3,1,img1,0.666666667,valid,img1,0,2,0.5,0.25,0,0,5,0,1,flashing_distractor,0.2,0.2,0.2,0.2,0.2,-1,./stimuli/demo_stims/gavel_03s.jpg,./stimuli/demo_stims/cat_05s.jpg,./stimuli/demo_stims/scraper_12s.jpg,./stimuli/demo_stims/cat_05s.jpg,./stimuli/demo_stims/gavel_03s.jpg,0.09625,0.06875,0.048125,-0.034375,right,0.33,./stimuli/demo_stims/gavel_08s.jpg,im1_distractor,./stimuli/demo_stims/gavel_07s.jpg,im1_distractor,./stimuli/demo_stims/cat_08s.jpg,im2_distractor,./stimuli/demo_stims/cat_12s.jpg,im2_distractor,0,-0.35,0,0.35,0.37,0.25,0.37,-0.25,-0.37,-0.25,-0.37,0.25,./stimuli/demo_stims/gavel_03s.jpg,./stimuli/demo_stims/cat_05s.jpg,right,./stimuli/cue_right.png,,,,,,,,,,,,,,,,,,,,,,,,,,,,,,,,,,,,,,,,,,,,,,,,,,,,,,,,,,,,,,,,,,,,,,,,,,,,,,,,,,,,,,,,,,,,,,,,,,,,,,,,,,,,,,,,,,,,
,,164275,2024-11-26_10h16.13.161,WM_Deepgen,2023.2.1,MacIntel,59.88023952,,,,,,,,,,,,,,,,,,,,,,,,,,,,,,,,,,,,132.0277,134.0272,134.0273,134.527,134.527,139.5273,[-0.012984013496143958],[-0.2794977104755784],[1],[0],[0],[1.580800000190834],"[""memoranda_stim""]",1,intro,139.5275,140.5273,140.5274,141.5272,0,3,3,2,1,img2,0.833333333,valid,img2,0,2,0.5,0.25,0,0,5,0,1,flashing_distractor,0.2,0.2,0.2,0.2,0.2,-1,./stimuli/demo_stims/toilet_paper_10s.jpg,./stimuli/demo_stims/hatchet_01b.jpg,./stimuli/demo_stims/marshmallow_04s.jpg,./stimuli/demo_stims/hatchet_01b.jpg,./stimuli/demo_stims/toilet_paper_10s.jpg,0.01375,0.15125,0.006875,-0.075625,left,0.33,./stimuli/demo_stims/toilet_paper_18s.jpg,im1_distractor,./stimuli/demo_stims/toilet_paper_03s.jpg,im1_distractor,./stimuli/demo_stims/hatchet_08s.jpg,im2_distractor,./stimuli/demo_stims/hatchet_20s.jpg,im2_distractor,0,-0.35,0.37,-0.25,0.37,0.25,-0.37,0.25,-0.37,-0.25,0,0.35,./stimuli/demo_stims/hatchet_01b.jpg,./stimuli/demo_stims/toilet_paper_10s.jpg,left,./stimuli/cue_left.png,,,,,,,,,,,,,,,,,,,,,,,,,,,,,,,,,,,,,,,,,,,,,,,,,,,,,,,,,,,,,,,,,,,,,,,,,,,,,,,,,,,,,,,,,,,,,,,,,,,,,,,,,,,,,,,,,,,,
,,164275,2024-11-26_10h16.13.161,WM_Deepgen,2023.2.1,MacIntel,59.88023952,,,,,,,,,,,,,,,,,,,,,,,,,,,,,,,,,,,,141.5279,143.5272,143.5273,144.0273,144.0274,149.0273,[-0.30860881266066836],[0.18330253856041132],[1],[0],[0],[1.478600000381448],"[""memoranda_stim""]",1,intro,149.0275,150.0274,150.0275,151.0268,0,4,4,4,1,img1,0.666666667,valid,img1,0,2,0.5,0.25,0,0,5,0,1,flashing_distractor,0.2,0.2,0.2,0.2,0.2,1,./stimuli/demo_stims/bathmat_03s.jpg,./stimuli/demo_stims/paper_07s.jpg,./stimuli/demo_stims/pocket_08s.jpg,./stimuli/demo_stims/bathmat_03s.jpg,./stimuli/demo_stims/paper_07s.jpg,0.06875,0.09625,0.034375,-0.048125,left,0.33,./stimuli/demo_stims/bathmat_08s.jpg,im1_distractor,./stimuli/demo_stims/bathmat_04s.jpg,im1_distractor,./stimuli/demo_stims/paper_12s.jpg,im2_distractor,./stimuli/demo_stims/paper_08s.jpg,im2_distractor,-0.37,0.25,0.37,-0.25,0,-0.35,0,0.35,0.37,0.25,-0.37,-0.25,./stimuli/demo_stims/bathmat_03s.jpg,./stimuli/demo_stims/paper_07s.jpg,left,./stimuli/cue_left.png,,,,,,,,,,,,,,,,,,,,,,,,,,,,,,,,,,,,,,,,,,,,,,,,,,,,,,,,,,,,,,,,,,,,,,,,,,,,,,,,,,,,,,,,,,,,,,,,,,,,,,,,,,,,,,,,,,,,
,,164275,2024-11-26_10h16.13.161,WM_Deepgen,2023.2.1,MacIntel,59.88023952,,,,,,,,,,,,,,,,,,,,,,,,,,,,,,,,,,,,,,,,,,,,,,,,,,,,,,,,,,,,,,,,,,,,,,,,,,,,,,,,,,,,,,,,,,,,,,,,,,,,,,,,,,,,,,,,,,,151.027,151.0274,,,,1,0,1,0,1,,,,,,,,,,,,,,,,,,,,,,,,,,,,,,,,,,,,,,,,,,,,,,,,,,,,,,,,,,,,,,,,,,,,,,,,,,,,,,,,,,,,,,,,,,,,,,,,,,,,,,,,,,
,,164275,2024-11-26_10h16.13.161,WM_Deepgen,2023.2.1,MacIntel,59.88023952,,,,,,,,,,,,,,,,,,,,,,,,,,,,,,,,,,,,183.7465,185.7427,185.7428,186.2437,189.3123,192.3105,[0.002736383354755784],[0.36729795951156813],[1],[0],[0],[1.2784000000953029],"[""distractor_mem_stim""]",0,demo,,,192.3126,193.3103,,,,,,img2,0.833333333,invalid,img1,2,2,0.5,0.25,0,0,3,0,1,flashing_distractor,0,0,0,0,0,-1,./stimuli/demo_stims/lollipop_10s.jpg,./stimuli/demo_stims/man_05s.jpg,./stimuli/demo_stims/coil_02s.jpg,./stimuli/demo_stims/man_05s.jpg,./stimuli/demo_stims/lollipop_10s.jpg,0.01375,0.15125,0.006875,-0.075625,left,0.33,./stimuli/demo_stims/lollipop_06n.jpg,im1_distractor,./stimuli/demo_stims/lollipop_03s.jpg,im1_distractor,./stimuli/demo_stims/man_10s.jpg,im2_distractor,./stimuli/demo_stims/man_02s.jpg,im2_distractor,-0.37,0.25,0,0.35,0,-0.35,-0.37,-0.25,0.37,0.25,0.37,-0.25,./stimuli/demo_stims/lollipop_10s.jpg,./stimuli/demo_stims/man_05s.jpg,right,./stimuli/cue_right.png,,,,,,,,,,,151.0278,153.961,y,1.9083,,153.9612,170.2775,y,16.2945,,y,15.2834,,170.2777,176.2108,y,4.9087,,176.2111,178.4607,y,1.2146,,178.4657,181.7434,y,3.2676,,181.7435,183.7435,186.2441,188.2441,188.2443,188.4939,188.4941,189.3108,189.3109,189.3114,189.3115,189.3123,192.3109,192.3125,,0,0,0,3,1,,,,,,,,,,,,,,,,,,,,,,,,,,,,,,,,,,,,,,,,,,,,,,,,,,,,,,,,,,
,,164275,2024-11-26_10h16.13.161,WM_Deepgen,2023.2.1,MacIntel,59.88023952,,,,,,,,,,,,,,,,,,,,,,,,,,,,,,,,,,,,193.3112,195.3104,195.3105,195.8092,198.8779,201.8771,[-0.39463668862467866],[0.26977727345758357],[1],[0],[0],[1.328800000190654],"[""memoranda_stim""]",1,demo,,,201.8776,202.8769,,,,,,img1,0.833333333,valid,img1,2,2,0.5,0.25,0,0,3,0,1,flashing_distractor,0,0,0,0,0,-1,./stimuli/demo_stims/apple_08s.jpg,./stimuli/demo_stims/kale_11s.jpg,./stimuli/demo_stims/bonnet_12s.jpg,./stimuli/demo_stims/kale_11s.jpg,./stimuli/demo_stims/apple_08s.jpg,0.15125,0.01375,0.075625,-0.006875,right,0.33,./stimuli/demo_stims/apple_09s.jpg,im1_distractor,./stimuli/demo_stims/apple_03s.jpg,im1_distractor,./stimuli/demo_stims/kale_12s.jpg,im2_distractor,./stimuli/demo_stims/kale_02s.jpg,im2_distractor,-0.37,0.25,0,-0.35,0.37,0.25,0,0.35,-0.37,-0.25,0.37,-0.25,./stimuli/demo_stims/apple_08s.jpg,./stimuli/demo_stims/kale_11s.jpg,right,./stimuli/cue_right.png,,,,,,,,,,,,,,,,,,,,,,,,,,,,,,,,,,,,,,,,,195.8093,197.8102,197.8103,198.0602,198.0603,198.8775,198.8777,198.8778,198.8778,198.8779,201.8773,201.8775,,0,1,1,4,1,,,,,,,,,,,,,,,,,,,,,,,,,,,,,,,,,,,,,,,,,,,,,,,,,,,,,,,,,,
,,164275,2024-11-26_10h16.13.161,WM_Deepgen,2023.2.1,MacIntel,59.88023952,,,,,,,,,,,,,,,,,,,,,,,,,,,,,,,,,,,,202.8776,204.877,204.8771,205.3769,208.4276,211.4269,[0.3720477185089974],[0.1508676092544987],[1],[0],[0],[1.7292000002861414],"[""memoranda_stim""]",1,demo,,,211.4272,212.4259,,,,,,img1,0.666666667,valid,img1,2,2,0.5,0.25,0,0,3,0,1,flashing_distractor,0,0,0,0,0,1,./stimuli/demo_stims/spatula_13s.jpg,./stimuli/demo_stims/baton1_04s.jpg,./stimuli/demo_stims/chime_06s.jpg,./stimuli/demo_stims/spatula_13s.jpg,./stimuli/demo_stims/baton1_04s.jpg,0.06875,0.09625,0.034375,-0.048125,left,0.33,./stimuli/demo_stims/spatula_03s.jpg,im1_distractor,./stimuli/demo_stims/spatula_02s.jpg,im1_distractor,./stimuli/demo_stims/baton1_13s.jpg,im2_distractor,./stimuli/demo_stims/baton1_15s.jpg,im2_distractor,0.37,0.25,0,0.35,-0.37,-0.25,-0.37,0.25,0.37,-0.25,0,-0.35,./stimuli/demo_stims/spatula_13s.jpg,./stimuli/demo_stims/baton1_04s.jpg,left,./stimuli/cue_left.png,,,,,,,,,,,,,,,,,,,,,,,,,,,,,,,,,,,,,,,,,205.377,207.3768,207.3769,207.6265,207.6266,208.4273,208.4273,208.4275,208.4275,208.4275,211.4271,211.4272,,0,2,2,2,1,,,,,,,,,,,,,,,,,,,,,,,,,,,,,,,,,,,,,,,,,,,,,,,,,,,,,,,,,,
,,164275,2024-11-26_10h16.13.161,WM_Deepgen,2023.2.1,MacIntel,59.88023952,,,,,,,,,,,,,,,,,,,,,,,,,,,,,,,,,,,,212.4266,214.4259,214.4261,214.9266,217.9943,220.9937,[0.05306575353470437],[0.29712102345758357],[1],[0],[0],[1.6784999999999854],"[""distractor_im_2""]",0,demo,,,220.994,221.9933,,,,,,img2,0.666666667,valid,img2,2,2,0.5,0.25,0,0,3,0,1,flashing_distractor,0,0,0,0,0,1,./stimuli/demo_stims/earring_01b.jpg,./stimuli/demo_stims/shuffleboard_13s.jpg,./stimuli/demo_stims/spout_05s.jpg,./stimuli/demo_stims/earring_01b.jpg,./stimuli/demo_stims/shuffleboard_13s.jpg,0.09625,0.06875,0.048125,-0.034375,right,0.33,./stimuli/demo_stims/earring_02s.jpg,im1_distractor,./stimuli/demo_stims/earring_11n.jpg,im1_distractor,./stimuli/demo_stims/shuffleboard_01b.jpg,im2_distractor,./stimuli/demo_stims/shuffleboard_07s.jpg,im2_distractor,0,-0.35,0.37,-0.25,-0.37,0.25,0.37,0.25,0,0.35,-0.37,-0.25,./stimuli/demo_stims/shuffleboard_13s.jpg,./stimuli/demo_stims/earring_01b.jpg,right,./stimuli/cue_right.png,,,,,,,,,,,,,,,,,,,,,,,,,,,,,,,,,,,,,,,,,214.9267,216.9264,216.9264,217.1769,217.177,217.9939,217.994,217.9941,217.9942,217.9943,220.9938,220.994,,0,3,3,1,1,,,,,,,,,,,,,,,,,,,,,,,,,,,,,,,,,,,,,,,,,,,,,,,,,,,,,,,,,,
,,164275,2024-11-26_10h16.13.161,WM_Deepgen,2023.2.1,MacIntel,59.88023952,,,,,,,,,,,,,,,,,,,,,,,,,,,,,,,,,,,,221.9938,223.9936,223.9937,224.4925,227.5609,230.5601,"[-0.3162154562982005,-0.3384680269922879]","[0.25056233933161953,-0.3437751044344473]","[1,1]","[0,0]","[0,0]","[1.8952999997138704,2.64549999999997]","[""distractor_im_0"",""memoranda_stim""]",1,demo,,,230.5604,231.5603,,,,,,img1,0.666666667,valid,img1,2,2,0.5,0.25,0,0,3,0,1,flashing_distractor,0,0,0,0,0,-1,./stimuli/demo_stims/hippopotamus_03s.jpg,./stimuli/demo_stims/chainsaw_16s.jpg,./stimuli/demo_stims/coffee_pot_02s.jpg,./stimuli/demo_stims/chainsaw_16s.jpg,./stimuli/demo_stims/hippopotamus_03s.jpg,0.09625,0.06875,0.048125,-0.034375,right,0.33,./stimuli/demo_stims/hippopotamus_16s.jpg,im1_distractor,./stimuli/demo_stims/hippopotamus_11s.jpg,im1_distractor,./stimuli/demo_stims/chainsaw_08s.jpg,im2_distractor,./stimuli/demo_stims/chainsaw_06s.jpg,im2_distractor,-0.37,-0.25,0.37,-0.25,-0.37,0.25,0,0.35,0.37,0.25,0,-0.35,./stimuli/demo_stims/hippopotamus_03s.jpg,./stimuli/demo_stims/chainsaw_16s.jpg,right,./stimuli/cue_right.png,,,,,,,,,,,,,,,,,,,,,,,,,,,,,,,,,,,,,,,,,224.4926,226.4935,226.4937,226.7435,226.7436,227.5605,227.5607,227.5607,227.5608,227.5608,230.5603,230.5603,,0,4,4,0,1,,,,,,,,,,,,,,,,,,,,,,,,,,,,,,,,,,,,,,,,,,,,,,,,,,,,,,,,,,
,,164275,2024-11-26_10h16.13.161,WM_Deepgen,2023.2.1,MacIntel,59.88023952,,,,,,,,,,,,,,,,,,,,,,,,,,,,,,,,,,,,,,,,,,,,,,,,,,,,,,,,,,,,,,,,,,,,,,,,,,,,,,,,,,,,,,,,,,,,,,,,,,,,,,,,,,,,,,,,,,,,,,,,,,,,,,,,,,,,,,,,,,,,,,,,,,,,,,,,,,,,,,,,,,,,,,,,,,,,,231.5611,231.565,,0,0,0,0,1,,,,,,,,,,,,,,,,,,,,,,,,,,,,,,,,,,,,,,,,,,,,,,,,,,
,,164275,2024-11-26_10h16.13.161,WM_Deepgen,2023.2.1,MacIntel,59.88023952,,,,,,,,,,,,,,,,,,,,,,,,,,,,,,,,,,,,,,,,,,,,,,,,,,demo,,,,,,,,,,,,,,,,,,,,,,,,,,,,,,,,,,,,,,,,,,,,,,,,,,,,,,,,,,,,,,,,,,,,,,,,,,,,,,,,,,,,,,,,,,,,,,,,,,,,,,,,,,,,,,,,,,,,,,,,,,,,,,,,,,,0,0,0,0,1,./demo.csv,"Now you will do a few demo trials to get accustomed to the cues.

Press 'y' to continue.",,,,,,,,,,,,,,,,,,,,,,,,,,,,,,,,,,,,,,,,,,,
,,164275,2024-11-26_10h16.13.161,WM_Deepgen,2023.2.1,MacIntel,59.88023952,,,,,,,,,,,,,,,,,,,,,,,,,,,,,,,,,,,,238.9816,239.977,239.9772,240.4769,243.4768,246.4769,[-0.3271559688303342],[-0.19290247429305912],[1],[0],[0],[2.5789000000953592],"[""memoranda_stim""]",1,practice,,,246.4773,247.4768,,,,,,img1,0.666666667,invalid,img2,1,1,0.5,0.25,1,0.75,3,0,1,flashing_distractor,0.2,0.2,0.2,0.2,0.2,-1,./stimuli/demo_stims/buckle_04s.jpg,./stimuli/demo_stims/meat_grinder_01b.jpg,./stimuli/demo_stims/nail_clippers_07s.jpg,./stimuli/demo_stims/meat_grinder_01b.jpg,./stimuli/demo_stims/buckle_04s.jpg,0.09625,0.06875,0.048125,-0.034375,right,0.33,./stimuli/demo_stims/buckle_07s.jpg,im1_distractor,./stimuli/demo_stims/buckle_10s.jpg,im1_distractor,./stimuli/demo_stims/meat_grinder_03s.jpg,im2_distractor,./stimuli/demo_stims/meat_grinder_11s.jpg,im2_distractor,-0.37,-0.25,0.37,-0.25,0,0.35,0,-0.35,0.37,0.25,-0.37,0.25,./stimuli/demo_stims/meat_grinder_01b.jpg,./stimuli/demo_stims/buckle_04s.jpg,left,./stimuli/cue_left.png,,,,,,,,,,,,,,,,,,,,,,,,,,,,,,,,,,231.5663,236.9762,y,5.3888,,236.9762,238.9767,240.477,241.4769,241.477,241.7268,241.7269,242.7268,242.7269,242.7271,242.7272,243.4767,246.477,246.4772,,0,0,0,5,1,,,,,,,,,,,,,,,,,,,,,,,,,,,,,,,,,,,,,,,,,,,,,,,,,,,,,,,,,,
,,164275,2024-11-26_10h16.13.161,WM_Deepgen,2023.2.1,MacIntel,59.88023952,,,,,,,,,,,,,,,,,,,,,,,,,,,,,,,,,,,,247.4776,248.4759,248.4759,248.9763,251.9769,254.9771,[-0.02349272975578406],[-0.30971842866323906],[1],[0],[0],[1.645299999713984],"[""memoranda_stim""]",1,practice,,,254.9775,255.9763,,,,,,img1,0.833333333,valid,img1,1,1,0.5,0.25,1,0.75,3,0,1,flashing_distractor,0.2,0.2,0.2,0.2,0.2,1,./stimuli/demo_stims/football_helmet_04s.jpg,./stimuli/demo_stims/apron_07s.jpg,./stimuli/demo_stims/tweezers_01b.jpg,./stimuli/demo_stims/football_helmet_04s.jpg,./stimuli/demo_stims/apron_07s.jpg,0.01375,0.15125,0.006875,-0.075625,left,0.33,./stimuli/demo_stims/football_helmet_01b.jpg,im1_distractor,./stimuli/demo_stims/football_helmet_03s.jpg,im1_distractor,./stimuli/demo_stims/apron_05s.jpg,im2_distractor,./stimuli/demo_stims/apron_10s.jpg,im2_distractor,0,-0.35,-0.37,-0.25,0.37,0.25,0.37,-0.25,0,0.35,-0.37,0.25,./stimuli/demo_stims/football_helmet_04s.jpg,./stimuli/demo_stims/apron_07s.jpg,left,./stimuli/cue_left.png,,,,,,,,,,,,,,,,,,,,,,,,,,,,,,,,,,,,,,,,,248.9764,249.9767,249.9767,250.2267,250.2269,251.2267,251.2268,251.2269,251.2269,251.9768,254.9773,254.9774,,0,1,1,9,1,,,,,,,,,,,,,,,,,,,,,,,,,,,,,,,,,,,,,,,,,,,,,,,,,,,,,,,,,,
,,164275,2024-11-26_10h16.13.161,WM_Deepgen,2023.2.1,MacIntel,59.88023952,,,,,,,,,,,,,,,,,,,,,,,,,,,,,,,,,,,,255.9766,256.9763,256.9764,257.4766,260.4759,263.4768,"[0.35460515745501286,0.0554305912596401]","[-0.27485841098971725,-0.3450453888174807]","[1,1]","[0,0]","[0,0]","[1.3127000002860996,1.7958000001907521]","[""distractor_im_3"",""distractor_mem_stim""]",0,practice,,,263.4771,264.4756,,,,,,img2,0.666666667,invalid,img1,1,1,0.5,0.25,1,0.75,3,0,1,flashing_distractor,0.2,0.2,0.2,0.2,0.2,1,./stimuli/demo_stims/aloe_08n.jpg,./stimuli/demo_stims/polar_bear_01b.jpg,./stimuli/demo_stims/kaleidoscope_05s.jpg,./stimuli/demo_stims/aloe_08n.jpg,./stimuli/demo_stims/polar_bear_01b.jpg,0.09625,0.06875,0.048125,-0.034375,right,0.33,./stimuli/demo_stims/aloe_07s.jpg,im1_distractor,./stimuli/demo_stims/aloe_04s.jpg,im1_distractor,./stimuli/demo_stims/polar_bear_21s.jpg,im2_distractor,./stimuli/demo_stims/polar_bear_18s.jpg,im2_distractor,0.37,0.25,0,-0.35,-0.37,0.25,0,0.35,-0.37,-0.25,0.37,-0.25,./stimuli/demo_stims/aloe_08n.jpg,./stimuli/demo_stims/polar_bear_01b.jpg,left,./stimuli/cue_left.png,,,,,,,,,,,,,,,,,,,,,,,,,,,,,,,,,,,,,,,,,257.4767,258.4762,258.4763,258.7266,258.7267,259.7268,259.7269,259.7271,259.7272,260.4757,263.4769,263.4771,,0,2,2,7,1,,,,,,,,,,,,,,,,,,,,,,,,,,,,,,,,,,,,,,,,,,,,,,,,,,,,,,,,,,
,,164275,2024-11-26_10h16.13.161,WM_Deepgen,2023.2.1,MacIntel,59.88023952,,,,,,,,,,,,,,,,,,,,,,,,,,,,,,,,,,,,264.476,265.4767,265.4768,265.9766,268.9767,271.9772,[-0.3140363913881748],[0.21910146208226222],[1],[0],[0],[1.39549999999997],"[""memoranda_stim""]",1,practice,,,271.9776,272.9769,,,,,,img1,0.666666667,valid,img1,1,1,0.5,0.25,1,0.75,3,0,1,flashing_distractor,0.2,0.2,0.2,0.2,0.2,1,./stimuli/demo_stims/diamond_11s.jpg,./stimuli/demo_stims/granola_12s.jpg,./stimuli/demo_stims/tree_10s.jpg,./stimuli/demo_stims/diamond_11s.jpg,./stimuli/demo_stims/granola_12s.jpg,0.06875,0.09625,0.034375,-0.048125,left,0.33,./stimuli/demo_stims/diamond_09s.jpg,im1_distractor,./stimuli/demo_stims/diamond_10s.jpg,im1_distractor,./stimuli/demo_stims/granola_11s.jpg,im2_distractor,./stimuli/demo_stims/granola_13s.jpg,im2_distractor,-0.37,0.25,0.37,0.25,-0.37,-0.25,0.37,-0.25,0,-0.35,0,0.35,./stimuli/demo_stims/diamond_11s.jpg,./stimuli/demo_stims/granola_12s.jpg,left,./stimuli/cue_left.png,,,,,,,,,,,,,,,,,,,,,,,,,,,,,,,,,,,,,,,,,265.9768,266.9759,266.976,267.2267,267.2268,268.2265,268.2266,268.2267,268.2267,268.9766,271.9774,271.9775,,0,3,3,1,1,,,,,,,,,,,,,,,,,,,,,,,,,,,,,,,,,,,,,,,,,,,,,,,,,,,,,,,,,,
,,164275,2024-11-26_10h16.13.161,WM_Deepgen,2023.2.1,MacIntel,59.88023952,,,,,,,,,,,,,,,,,,,,,,,,,,,,,,,,,,,,272.9777,273.9766,273.9767,274.4766,277.4767,280.4767,[-0.03743573264781491],[0.43327241323907456],[1],[0],[0],[1.5950000000000273],"[""memoranda_stim""]",1,practice,,,280.477,281.4767,,,,,,img2,0.666666667,valid,img2,1,1,0.5,0.25,1,0.75,3,0,1,flashing_distractor,0.2,0.2,0.2,0.2,0.2,-1,./stimuli/demo_stims/tee_07s.jpg,./stimuli/demo_stims/fire_hydrant_08s.jpg,./stimuli/demo_stims/missile_11s.jpg,./stimuli/demo_stims/fire_hydrant_08s.jpg,./stimuli/demo_stims/tee_07s.jpg,0.06875,0.09625,0.034375,-0.048125,left,0.33,./stimuli/demo_stims/tee_02s.jpg,im1_distractor,./stimuli/demo_stims/tee_04s.jpg,im1_distractor,./stimuli/demo_stims/fire_hydrant_12s.jpg,im2_distractor,./stimuli/demo_stims/fire_hydrant_02s.jpg,im2_distractor,0,0.35,0.37,-0.25,0,-0.35,-0.37,-0.25,-0.37,0.25,0.37,0.25,./stimuli/demo_stims/fire_hydrant_08s.jpg,./stimuli/demo_stims/tee_07s.jpg,left,./stimuli/cue_left.png,,,,,,,,,,,,,,,,,,,,,,,,,,,,,,,,,,,,,,,,,274.4766,275.4766,275.4766,275.7265,275.7265,276.7267,276.7268,276.7268,276.7268,277.4766,280.4768,280.477,,0,4,4,6,1,,,,,,,,,,,,,,,,,,,,,,,,,,,,,,,,,,,,,,,,,,,,,,,,,,,,,,,,,,
,,164275,2024-11-26_10h16.13.161,WM_Deepgen,2023.2.1,MacIntel,59.88023952,,,,,,,,,,,,,,,,,,,,,,,,,,,,,,,,,,,,281.4775,282.4766,282.4767,282.9766,285.9761,288.9769,[-0.010709551735218509],[-0.38141167255784064],[1],[0],[0],[0.998900000095432],"[""memoranda_stim""]",1,practice,,,288.9772,289.9766,,,,,,img2,0.833333333,valid,img2,1,1,0.5,0.25,1,0.75,3,0,1,flashing_distractor,0.2,0.2,0.2,0.2,0.2,-1,./stimuli/demo_stims/home_plate_10s.jpg,./stimuli/demo_stims/blueberry_03s.jpg,./stimuli/demo_stims/laser_pointer_03s.jpg,./stimuli/demo_stims/blueberry_03s.jpg,./stimuli/demo_stims/home_plate_10s.jpg,0.01375,0.15125,0.006875,-0.075625,left,0.33,./stimuli/demo_stims/home_plate_04s.jpg,im1_distractor,./stimuli/demo_stims/home_plate_06s.jpg,im1_distractor,./stimuli/demo_stims/blueberry_12n.jpg,im2_distractor,./stimuli/demo_stims/blueberry_07s.jpg,im2_distractor,0,-0.35,0.37,0.25,-0.37,-0.25,0,0.35,0.37,-0.25,-0.37,0.25,./stimuli/demo_stims/blueberry_03s.jpg,./stimuli/demo_stims/home_plate_10s.jpg,left,./stimuli/cue_left.png,,,,,,,,,,,,,,,,,,,,,,,,,,,,,,,,,,,,,,,,,282.9766,283.9767,283.9767,284.2266,284.2267,285.2265,285.2266,285.2267,285.2267,285.976,288.977,288.9772,,0,5,5,8,1,,,,,,,,,,,,,,,,,,,,,,,,,,,,,,,,,,,,,,,,,,,,,,,,,,,,,,,,,,
,,164275,2024-11-26_10h16.13.161,WM_Deepgen,2023.2.1,MacIntel,59.88023952,,,,,,,,,,,,,,,,,,,,,,,,,,,,,,,,,,,,289.9773,290.9765,290.9766,291.4766,294.4766,297.4765,[-0.3681515102827764],[-0.1772172236503856],[1],[0],[0],[2.7283999996185457],"[""distractor_im_3""]",0,practice,,,297.4768,298.4765,,,,,,img2,0.666666667,valid,img2,1,1,0.5,0.25,1,0.75,3,0,1,flashing_distractor,0.2,0.2,0.2,0.2,0.2,1,./stimuli/demo_stims/bra_07s.jpg,./stimuli/demo_stims/flask_06s.jpg,./stimuli/demo_stims/plaster_cast_02s.jpg,./stimuli/demo_stims/bra_07s.jpg,./stimuli/demo_stims/flask_06s.jpg,0.09625,0.06875,0.048125,-0.034375,right,0.33,./stimuli/demo_stims/bra_13s.jpg,im1_distractor,./stimuli/demo_stims/bra_02s.jpg,im1_distractor,./stimuli/demo_stims/flask_05s.jpg,im2_distractor,./stimuli/demo_stims/flask_03s.jpg,im2_distractor,0,0.35,0.37,0.25,0,-0.35,0.37,-0.25,-0.37,0.25,-0.37,-0.25,./stimuli/demo_stims/flask_06s.jpg,./stimuli/demo_stims/bra_07s.jpg,right,./stimuli/cue_right.png,,,,,,,,,,,,,,,,,,,,,,,,,,,,,,,,,,,,,,,,,291.4767,292.4758,292.4759,292.7265,292.7266,293.7265,293.7266,293.7266,293.7266,294.4765,297.4766,297.4767,,0,6,6,4,1,,,,,,,,,,,,,,,,,,,,,,,,,,,,,,,,,,,,,,,,,,,,,,,,,,,,,,,,,,
,,164275,2024-11-26_10h16.13.161,WM_Deepgen,2023.2.1,MacIntel,59.88023952,,,,,,,,,,,,,,,,,,,,,,,,,,,,,,,,,,,,298.477,299.4764,299.4764,299.9764,302.9763,305.9766,"[-0.007626727185089974,-0.371781611503856]","[0.3700393637532134,0.18768577281491003]","[1,1]","[0,0]","[0,0]","[0.9984000000954438,2.231599999904688]","[""distractor_mem_stim"",""memoranda_stim""]",1,practice,,,305.9769,306.9762,,,,,,img2,0.666666667,invalid,img1,1,1,0.5,0.25,1,0.75,3,0,1,flashing_distractor,0.2,0.2,0.2,0.2,0.2,1,./stimuli/demo_stims/potholder_10s.jpg,./stimuli/demo_stims/lamb_03s.jpg,./stimuli/demo_stims/remote_control_12s.jpg,./stimuli/demo_stims/potholder_10s.jpg,./stimuli/demo_stims/lamb_03s.jpg,0.09625,0.06875,0.048125,-0.034375,right,0.33,./stimuli/demo_stims/potholder_08s.jpg,im1_distractor,./stimuli/demo_stims/potholder_07s.jpg,im1_distractor,./stimuli/demo_stims/lamb_11s.jpg,im2_distractor,./stimuli/demo_stims/lamb_12s.jpg,im2_distractor,-0.37,0.25,0,0.35,0,-0.35,-0.37,-0.25,0.37,0.25,0.37,-0.25,./stimuli/demo_stims/potholder_10s.jpg,./stimuli/demo_stims/lamb_03s.jpg,left,./stimuli/cue_left.png,,,,,,,,,,,,,,,,,,,,,,,,,,,,,,,,,,,,,,,,,299.9764,300.9764,300.9764,301.2265,301.2266,302.2262,302.2262,302.2262,302.2262,302.9763,305.9767,305.9769,,0,7,7,0,1,,,,,,,,,,,,,,,,,,,,,,,,,,,,,,,,,,,,,,,,,,,,,,,,,,,,,,,,,,
,,164275,2024-11-26_10h16.13.161,WM_Deepgen,2023.2.1,MacIntel,59.88023952,,,,,,,,,,,,,,,,,,,,,,,,,,,,,,,,,,,,306.9767,307.9764,307.9765,308.4765,311.4763,314.4766,[0.346205213688946],[0.24351301413881749],[1],[0],[0],[1.562699999809297],"[""distractor_mem_stim""]",0,practice,,,314.4769,315.4754,,,,,,img2,0.833333333,invalid,img1,1,1,0.5,0.25,1,0.75,3,0,1,flashing_distractor,0.2,0.2,0.2,0.2,0.2,1,./stimuli/demo_stims/lipstick_09s.jpg,./stimuli/demo_stims/paint_04s.jpg,./stimuli/demo_stims/squeegee_09s.jpg,./stimuli/demo_stims/lipstick_09s.jpg,./stimuli/demo_stims/paint_04s.jpg,0.15125,0.01375,0.075625,-0.006875,right,0.33,./stimuli/demo_stims/lipstick_11s.jpg,im1_distractor,./stimuli/demo_stims/lipstick_01b.jpg,im1_distractor,./stimuli/demo_stims/paint_12s.jpg,im2_distractor,./stimuli/demo_stims/paint_05s.jpg,im2_distractor,0,0.35,0.37,0.25,-0.37,0.25,0,-0.35,0.37,-0.25,-0.37,-0.25,./stimuli/demo_stims/lipstick_09s.jpg,./stimuli/demo_stims/paint_04s.jpg,left,./stimuli/cue_left.png,,,,,,,,,,,,,,,,,,,,,,,,,,,,,,,,,,,,,,,,,308.4765,309.4764,309.4765,309.7263,309.7263,310.7264,310.7265,310.7265,310.7265,311.4763,314.4767,314.4769,,0,8,8,3,1,,,,,,,,,,,,,,,,,,,,,,,,,,,,,,,,,,,,,,,,,,,,,,,,,,,,,,,,,,
,,164275,2024-11-26_10h16.13.161,WM_Deepgen,2023.2.1,MacIntel,59.88023952,,,,,,,,,,,,,,,,,,,,,,,,,,,,,,,,,,,,315.476,316.4764,316.4764,316.9761,319.9765,322.9765,[0.005377369858611825],[0.3783991404241645],[1],[0],[0],[1.0118000001906466],"[""memoranda_stim""]",1,practice,,,322.9769,323.9764,,,,,,img1,0.833333333,valid,img1,1,1,0.5,0.25,1,0.75,3,0,1,flashing_distractor,0.2,0.2,0.2,0.2,0.2,-1,./stimuli/demo_stims/sponge_03s.jpg,./stimuli/demo_stims/wood_03s.jpg,./stimuli/demo_stims/penholder_11s.jpg,./stimuli/demo_stims/wood_03s.jpg,./stimuli/demo_stims/sponge_03s.jpg,0.15125,0.01375,0.075625,-0.006875,right,0.33,./stimuli/demo_stims/sponge_10s.jpg,im1_distractor,./stimuli/demo_stims/sponge_11s.jpg,im1_distractor,./stimuli/demo_stims/wood_14s.jpg,im2_distractor,./stimuli/demo_stims/wood_11s.jpg,im2_distractor,0,0.35,0.37,-0.25,-0.37,-0.25,0,-0.35,0.37,0.25,-0.37,0.25,./stimuli/demo_stims/sponge_03s.jpg,./stimuli/demo_stims/wood_03s.jpg,right,./stimuli/cue_right.png,,,,,,,,,,,,,,,,,,,,,,,,,,,,,,,,,,,,,,,,,316.9761,317.9764,317.9765,318.2258,318.2258,319.2265,319.2265,319.2266,319.2266,319.9764,322.9767,322.9768,,0,9,9,10,1,,,,,,,,,,,,,,,,,,,,,,,,,,,,,,,,,,,,,,,,,,,,,,,,,,,,,,,,,,
,,164275,2024-11-26_10h16.13.161,WM_Deepgen,2023.2.1,MacIntel,59.88023952,,,,,,,,,,,,,,,,,,,,,,,,,,,,,,,,,,,,323.9772,324.9765,324.9765,325.4761,328.4764,331.4765,[0.05334692320051414],[0.22672316838046272],[1],[0],[0],[1.6958000001907294],"[""memoranda_stim""]",1,practice,,,331.4768,332.4763,,,,,,img1,0.833333333,valid,img1,1,1,0.5,0.25,1,0.75,3,0,1,flashing_distractor,0.2,0.2,0.2,0.2,0.2,-1,./stimuli/demo_stims/buoy_06s.jpg,./stimuli/demo_stims/toy_06s.jpg,./stimuli/demo_stims/bedpost_08s.jpg,./stimuli/demo_stims/toy_06s.jpg,./stimuli/demo_stims/buoy_06s.jpg,0.15125,0.01375,0.075625,-0.006875,right,0.33,./stimuli/demo_stims/buoy_12s.jpg,im1_distractor,./stimuli/demo_stims/buoy_05s.jpg,im1_distractor,./stimuli/demo_stims/toy_11s.jpg,im2_distractor,./stimuli/demo_stims/toy_09s.jpg,im2_distractor,0,0.35,0,-0.35,0.37,-0.25,-0.37,-0.25,-0.37,0.25,0.37,0.25,./stimuli/demo_stims/buoy_06s.jpg,./stimuli/demo_stims/toy_06s.jpg,right,./stimuli/cue_right.png,,,,,,,,,,,,,,,,,,,,,,,,,,,,,,,,,,,,,,,,,325.4761,326.4764,326.4765,326.7264,326.7265,327.7264,327.7265,327.7266,327.7266,328.4763,331.4766,331.4768,,0,10,10,11,1,,,,,,,,,,,,,,,,,,,,,,,,,,,,,,,,,,,,,,,,,,,,,,,,,,,,,,,,,,
,,164275,2024-11-26_10h16.13.161,WM_Deepgen,2023.2.1,MacIntel,59.88023952,,,,,,,,,,,,,,,,,,,,,,,,,,,,,,,,,,,,332.4769,333.4763,333.4764,333.9763,336.9763,339.9763,[0.37897654241645246],[0.2613923923521851],[1],[0],[0],[1.2453000001906958],"[""memoranda_stim""]",1,practice,,,339.9766,340.9758,,,,,,img2,0.666666667,valid,img2,1,1,0.5,0.25,1,0.75,3,0,1,flashing_distractor,0.2,0.2,0.2,0.2,0.2,1,./stimuli/demo_stims/helmet_11s.jpg,./stimuli/demo_stims/pancake_11s.jpg,./stimuli/demo_stims/paintbrush_11s.jpg,./stimuli/demo_stims/helmet_11s.jpg,./stimuli/demo_stims/pancake_11s.jpg,0.09625,0.06875,0.048125,-0.034375,right,0.33,./stimuli/demo_stims/helmet_12s.jpg,im1_distractor,./stimuli/demo_stims/helmet_07s.jpg,im1_distractor,./stimuli/demo_stims/pancake_12s.jpg,im2_distractor,./stimuli/demo_stims/pancake_02n.jpg,im2_distractor,0.37,0.25,0,0.35,-0.37,0.25,-0.37,-0.25,0.37,-0.25,0,-0.35,./stimuli/demo_stims/pancake_11s.jpg,./stimuli/demo_stims/helmet_11s.jpg,right,./stimuli/cue_right.png,,,,,,,,,,,,,,,,,,,,,,,,,,,,,,,,,,,,,,,,,333.9764,334.9763,334.9764,335.2263,335.2264,336.2264,336.2264,336.2265,336.2266,336.9762,339.9765,339.9766,,0,11,11,2,1,,,,,,,,,,,,,,,,,,,,,,,,,,,,,,,,,,,,,,,,,,,,,,,,,,,,,,,,,,
,,164275,2024-11-26_10h16.13.161,WM_Deepgen,2023.2.1,MacIntel,59.88023952,,,,,,,,,,,,,,,,,,,,,,,,,,,,,,,,,,,,,,,,,,,,,,,,,,,,,,,,,,,,,,,,,,,,,,,,,,,,,,,,,,,,,,,,,,,,,,,,,,,,,,,,,,,,,,,,,,,,,,,,,,,,,,,,,,,,,,,,,,,,,,,,,,,,,,,,,,,,,,,,,,,,,,,,,,,,,340.976,340.9761,,0,0,0,0,1,,,,,,,,,,,,,,,,,,,,,,,,,,,,,,,,,,,,,,,,,,,,,,,,,,
,,164275,2024-11-26_10h16.13.161,WM_Deepgen,2023.2.1,MacIntel,59.88023952,,,,,,,,,,,,,,,,,,,,,,,,,,,,,,,,,,,,,,,,,,,,,,,,,,practice,,,,,,,,,,,,,,,,,,,,,,,,,,,,,,,,,,,,,,,,,,,,,,,,,,,,,,,,,,,,,,,,,,,,,,,,,,,,,,,,,,,,,,,,,,,,,,,,,,,,,,,,,,,,,,,,,,,,,,,,,,,,,,,,,,,0,1,1,1,1,./prac.csv,"Now you will do a few practice trials to get accustomed to the task.

The practice trials are identical to what you just did except for two changes.

First, the task is a bit faster paced.

Second, after you see the rectangle image telling you which item is more likely to be tested, a new image will briefly flash at the center of the screen. This item is irrelevant to your memory task and can be ignored.

Press 'y' to continue.",,,,,,,,,,,,,,,,,,,,,,,,,,,,,,,,,,,,,,,,,,,
,,164275,2024-11-26_10h16.13.161,WM_Deepgen,2023.2.1,MacIntel,59.88023952,,,,,,,,,,,,,,,,,,,,,,,,,,,,,,,,,,,,347.4945,348.493,348.4932,348.993,351.993,354.9931,[-0.38619155687660667],[-0.22110981683804629],[1],[0],[0],[1.6952000002861496],"[""memoranda_stim""]",1,mainTask,,,354.9934,355.9929,,,,,,img2,0.833333333,valid,img2,1,1,0.5,0.25,1,0.75,3,0,1,flashing_distractor,0.2,0.2,0.2,0.2,0.2,-1,./stimuli/108_2.jpg,./stimuli/108_3.jpg,./stimuli/108_1.jpg,./stimuli/108_3.jpg,./stimuli/108_2.jpg,0.01375,0.15125,0.006875,-0.075625,left,0.33,./stimuli/distractors/chipmunk_14n.jpg,im1_distractor,./stimuli/distractors/chipmunk_02n.jpg,im1_distractor,./stimuli/distractors/saxophone_06s.jpg,im2_distractor,./stimuli/distractors/saxophone_11s.jpg,im2_distractor,-0.37,-0.25,0.37,-0.25,0.37,0.25,-0.37,0.25,0,0.35,0,-0.35,./stimuli/108_3.jpg,./stimuli/108_2.jpg,left,./stimuli/cue_left.png,,,,,,,,,,,,,,,,,,,,,,,,,,,,,,,,,,340.9771,345.4266,y,4.4399,,345.4267,347.4262,348.9931,349.993,349.9931,350.243,350.243,351.2426,351.2427,351.2428,351.2428,351.9929,354.9932,354.9933,,0,0,0,12,1,,,,,,,,,,,,,,,,111,108_1.jpg,Unclassified,animal,musical instrument,0.122516329,0.134188746,108_2.jpg,108_3.jpg,0.093452592,0.215968921,-0.02503816,0.039548011,0.173736757,0.040286105,drink,chipmunk,saxophone,Unclassified,animal,musical instrument,0.134188746,0.122516329,im2,im2,conditions_file_4,,,,,,,,,,,,,,,,,
,,164275,2024-11-26_10h16.13.161,WM_Deepgen,2023.2.1,MacIntel,59.88023952,,,,,,,,,,,,,,,,,,,,,,,,,,,,,,,,,,,,355.994,356.9929,356.993,357.4929,360.493,363.4929,[0.03852526510282776],[0.3255643476863753],[1],[0],[0],[2.7952999997138477],"[""memoranda_stim""]",1,mainTask,,,363.4931,364.4929,,,,,,img2,0.833333333,valid,img2,1,1,0.5,0.25,1,0.75,3,0,1,flashing_distractor,0.2,0.2,0.2,0.2,0.2,1,./stimuli/30_2.jpg,./stimuli/30_3.jpg,./stimuli/30_1.jpg,./stimuli/30_2.jpg,./stimuli/30_3.jpg,0.15125,0.01375,0.075625,-0.006875,right,0.33,./stimuli/distractors/hawk_17s.jpg,im1_distractor,./stimuli/distractors/hawk_10s.jpg,im1_distractor,./stimuli/distractors/lamb_chop_17s.jpg,im2_distractor,./stimuli/distractors/lamb_chop_08s.jpg,im2_distractor,0,0.35,0,-0.35,-0.37,0.25,0.37,-0.25,0.37,0.25,-0.37,-0.25,./stimuli/30_3.jpg,./stimuli/30_2.jpg,right,./stimuli/cue_right.png,,,,,,,,,,,,,,,,,,,,,,,,,,,,,,,,,,,,,,,,,357.493,358.4929,358.493,358.7429,358.7431,359.7429,359.743,359.7431,359.7431,360.4929,363.493,363.4931,,0,1,1,91,1,,,,,,,,,,,,,,,,197,30_1.jpg,Unclassified,animal,Unclassified,0.481366172,0.017373621,30_2.jpg,30_3.jpg,-0.103767157,0.377599015,-0.011083699,0.03423093,0.05160455,0.051691324,knob,hawk,lamb_chop,Unclassified,animal,Unclassified,0.01737362,0.481366172,im2,im2,conditions_file_4,,,,,,,,,,,,,,,,,
,,164275,2024-11-26_10h16.13.161,WM_Deepgen,2023.2.1,MacIntel,59.88023952,,,,,,,,,,,,,,,,,,,,,,,,,,,,,,,,,,,,364.4938,365.4929,365.4929,365.993,368.9929,371.993,[0.02967344151670951],[0.3731623553984576],[1],[0],[0],[1.2966000003814315],"[""memoranda_stim""]",1,mainTask,,,371.9933,372.9928,,,,,,img1,0.833333333,valid,img1,1,1,0.5,0.25,1,0.75,3,0,1,flashing_distractor,0.2,0.2,0.2,0.2,0.2,-1,./stimuli/86_2.jpg,./stimuli/86_3.jpg,./stimuli/86_1.jpg,./stimuli/86_3.jpg,./stimuli/86_2.jpg,0.15125,0.01375,0.075625,-0.006875,right,0.33,./stimuli/distractors/wheat_10s.jpg,im1_distractor,./stimuli/distractors/wheat_06s.jpg,im1_distractor,./stimuli/distractors/binder_20s.jpg,im2_distractor,./stimuli/distractors/binder_19s.jpg,im2_distractor,0,0.35,-0.37,-0.25,0,-0.35,0.37,-0.25,0.37,0.25,-0.37,0.25,./stimuli/86_2.jpg,./stimuli/86_3.jpg,right,./stimuli/cue_right.png,,,,,,,,,,,,,,,,,,,,,,,,,,,,,,,,,,,,,,,,,365.993,366.9929,366.9929,367.2429,367.243,368.2429,368.2431,368.2431,368.2431,368.9928,371.9931,371.9933,,0,2,2,69,1,,,,,,,,,,,,,,,,262,86_1.jpg,Unclassified,food,Unclassified,1.091082574,0.113178561,86_2.jpg,86_3.jpg,-0.307267224,0.78381535,-0.342352116,-0.014926929,0.098251632,0.026625882,tablet,wheat,binder,Unclassified,food,Unclassified,0.113178561,1.091082574,im2,im2,conditions_file_4,,,,,,,,,,,,,,,,,
,,164275,2024-11-26_10h16.13.161,WM_Deepgen,2023.2.1,MacIntel,59.88023952,,,,,,,,,,,,,,,,,,,,,,,,,,,,,,,,,,,,372.9936,373.9928,373.9929,374.4929,377.493,380.4929,[0.3520746304627249],[-0.21027474293059126],[1],[0],[0],[1.5456000003814552],"[""memoranda_stim""]",1,mainTask,,,380.4933,381.4928,,,,,,img2,0.833333333,valid,img2,1,1,0.5,0.25,1,0.75,3,0,1,flashing_distractor,0.2,0.2,0.2,0.2,0.2,-1,./stimuli/52_2.jpg,./stimuli/52_3.jpg,./stimuli/52_1.jpg,./stimuli/52_3.jpg,./stimuli/52_2.jpg,0.01375,0.15125,0.006875,-0.075625,left,0.33,./stimuli/distractors/calzone_05s.jpg,im1_distractor,./stimuli/distractors/calzone_07s.jpg,im1_distractor,./stimuli/distractors/hot-air_balloon_02s.jpg,im2_distractor,./stimuli/distractors/hot-air_balloon_11s.jpg,im2_distractor,0.37,-0.25,0,-0.35,-0.37,0.25,0.37,0.25,0,0.35,-0.37,-0.25,./stimuli/52_3.jpg,./stimuli/52_2.jpg,left,./stimuli/cue_left.png,,,,,,,,,,,,,,,,,,,,,,,,,,,,,,,,,,,,,,,,,374.493,375.4929,375.493,375.7428,375.7429,376.7424,376.7425,376.7425,376.7425,377.4929,380.4931,380.4932,,0,3,3,27,1,,,,,,,,,,,,,,,,265,52_1.jpg,toy,Unclassified,vehicle,0.728431028,0.038962158,52_2.jpg,52_3.jpg,-0.118948872,0.609482155,0.055775935,0.07108877,0.032126612,0.009395208,beachball,calzone,hot-air_balloon,toy,Unclassified,vehicle,-0.038962158,0.728431027,im2,im1,conditions_file_4,,,,,,,,,,,,,,,,,
,,164275,2024-11-26_10h16.13.161,WM_Deepgen,2023.2.1,MacIntel,59.88023952,,,,,,,,,,,,,,,,,,,,,,,,,,,,,,,,,,,,381.4936,382.4929,382.4929,382.992,385.9926,388.9929,[0.05105237789203085],[-0.30786070051413883],[1],[0],[0],[2.0809000000954256],"[""memoranda_stim""]",1,mainTask,,,388.9932,389.9927,,,,,,img2,0.666666667,valid,img2,1,1,0.5,0.25,1,0.75,3,0,1,flashing_distractor,0.2,0.2,0.2,0.2,0.2,-1,./stimuli/205_2.jpg,./stimuli/205_3.jpg,./stimuli/205_1.jpg,./stimuli/205_3.jpg,./stimuli/205_2.jpg,0.06875,0.09625,0.034375,-0.048125,left,0.33,./stimuli/distractors/hook1_16s.jpg,im1_distractor,./stimuli/distractors/hook1_02s.jpg,im1_distractor,./stimuli/distractors/column_04s.jpg,im2_distractor,./stimuli/distractors/column_11s.jpg,im2_distractor,0,-0.35,-0.37,0.25,0.37,-0.25,0.37,0.25,0,0.35,-0.37,-0.25,./stimuli/205_3.jpg,./stimuli/205_2.jpg,left,./stimuli/cue_left.png,,,,,,,,,,,,,,,,,,,,,,,,,,,,,,,,,,,,,,,,,382.9921,383.9925,383.9925,384.2426,384.2426,385.2428,385.243,385.243,385.243,385.9926,388.993,388.9931,,0,4,4,20,1,,,,,,,,,,,,,,,,102,205_1.jpg,fruit,animal,Unclassified,0.11475895,0.087042126,205_2.jpg,205_3.jpg,0.160954225,0.275713175,0.195530282,0.091046119,0.004003993,0.011681182,raisin,hook1,column,fruit,animal,Unclassified,-0.087042126,0.11475895,im2,im1,conditions_file_4,,,,,,,,,,,,,,,,,
,,164275,2024-11-26_10h16.13.161,WM_Deepgen,2023.2.1,MacIntel,59.88023952,,,,,,,,,,,,,,,,,,,,,,,,,,,,,,,,,,,,389.9935,390.9925,390.9927,391.4929,394.4928,397.4928,[0.0011799084190231362],[-0.3622871143958869],[1],[0],[0],[1.9954999999999927],"[""distractor_mem_stim""]",0,mainTask,,,397.4931,398.4922,,,,,,img1,0.833333333,valid,img1,1,1,0.5,0.25,1,0.75,3,0,1,flashing_distractor,0.2,0.2,0.2,0.2,0.2,1,./stimuli/139_2.jpg,./stimuli/139_3.jpg,./stimuli/139_1.jpg,./stimuli/139_2.jpg,./stimuli/139_3.jpg,0.01375,0.15125,0.006875,-0.075625,left,0.33,./stimuli/distractors/hot-air_balloon_10s.jpg,im1_distractor,./stimuli/distractors/hot-air_balloon_17s.jpg,im1_distractor,./stimuli/distractors/abacus_06s.jpg,im2_distractor,./stimuli/distractors/abacus_14s.jpg,im2_distractor,0.37,0.25,0,-0.35,-0.37,-0.25,-0.37,0.25,0,0.35,0.37,-0.25,./stimuli/139_2.jpg,./stimuli/139_3.jpg,left,./stimuli/cue_left.png,,,,,,,,,,,,,,,,,,,,,,,,,,,,,,,,,,,,,,,,,391.4929,392.4929,392.493,392.7428,392.7429,393.7426,393.7427,393.7428,393.7428,394.4927,397.493,397.4931,,0,5,5,289,1,,,,,,,,,,,,,,,,109,139_1.jpg,dessert,vehicle,Unclassified,0.489965233,0.166920643,139_2.jpg,139_3.jpg,0.071523827,0.56148906,0.148927638,0.1905728,0.023652157,0.03405919,ice-cream_cone,hot-air_balloon,abacus,dessert,vehicle,Unclassified,-0.166920643,0.489965233,im2,im1,conditions_file_4,,,,,,,,,,,,,,,,,
,,164275,2024-11-26_10h16.13.161,WM_Deepgen,2023.2.1,MacIntel,59.88023952,,,,,,,,,,,,,,,,,,,,,,,,,,,,,,,,,,,,398.493,399.4927,399.4927,399.9927,402.9925,405.9919,[0.3555290006426735],[0.24474815231362468],[1],[0],[0],[2.614800000190712],"[""distractor_im_2""]",0,mainTask,,,405.9922,406.9926,,,,,,img1,0.666666667,invalid,img2,1,1,0.5,0.25,1,0.75,3,0,1,flashing_distractor,0.2,0.2,0.2,0.2,0.2,-1,./stimuli/255_2.jpg,./stimuli/255_3.jpg,./stimuli/255_1.jpg,./stimuli/255_3.jpg,./stimuli/255_2.jpg,0.09625,0.06875,0.048125,-0.034375,right,0.33,./stimuli/distractors/warthog_15n.jpg,im1_distractor,./stimuli/distractors/warthog_07s.jpg,im1_distractor,./stimuli/distractors/drink_10s.jpg,im2_distractor,./stimuli/distractors/drink_07s.jpg,im2_distractor,0,0.35,0,-0.35,-0.37,-0.25,0.37,-0.25,0.37,0.25,-0.37,0.25,./stimuli/255_3.jpg,./stimuli/255_2.jpg,left,./stimuli/cue_left.png,,,,,,,,,,,,,,,,,,,,,,,,,,,,,,,,,,,,,,,,,399.9927,400.9927,400.9928,401.2425,401.2425,402.2427,402.2428,402.2428,402.2429,402.9925,405.9921,405.9922,,0,6,6,3,1,,,,,,,,,,,,,,,,190,255_1.jpg,Unclassified,animal,Unclassified,0.732299385,0.090864759,255_2.jpg,255_3.jpg,-0.235482936,0.496816449,-0.435098326,0.122012405,0.031147646,0.067589069,coin,warthog,drink,Unclassified,animal,Unclassified,-0.090864759,0.732299385,im2,im1,conditions_file_4,,,,,,,,,,,,,,,,,
,,164275,2024-11-26_10h16.13.161,WM_Deepgen,2023.2.1,MacIntel,59.88023952,,,,,,,,,,,,,,,,,,,,,,,,,,,,,,,,,,,,406.9936,407.9927,407.9928,408.4927,411.4927,414.4925,[],[],[],[],[],[],[],0,mainTask,,,414.4927,415.4926,,,,,,img2,0.833333333,invalid,img1,1,1,0.5,0.25,1,0.75,3,0,1,flashing_distractor,0.2,0.2,0.2,0.2,0.2,1,./stimuli/125_2.jpg,./stimuli/125_3.jpg,./stimuli/125_1.jpg,./stimuli/125_2.jpg,./stimuli/125_3.jpg,0.15125,0.01375,0.075625,-0.006875,right,0.33,./stimuli/distractors/seagull_04s.jpg,im1_distractor,./stimuli/distractors/seagull_12s.jpg,im1_distractor,./stimuli/distractors/dumpster_13s.jpg,im2_distractor,./stimuli/distractors/dumpster_03s.jpg,im2_distractor,-0.37,0.25,0,-0.35,0.37,0.25,-0.37,-0.25,0.37,-0.25,0,0.35,./stimuli/125_2.jpg,./stimuli/125_3.jpg,left,./stimuli/cue_left.png,,,,,,,,,,,,,,,,,,,,,,,,,,,,,,,,,,,,,,,,,408.4928,409.4928,409.4929,409.7427,409.7429,410.743,410.7431,410.7431,410.7432,411.4926,414.4926,414.4927,,0,7,7,25,1,,,,,,,,,,,,,,,,252,125_1.jpg,Unclassified,animal,container,0.370312289,0.102313761,125_2.jpg,125_3.jpg,-0.0371927,0.333119589,-0.180606372,0.087048267,0.189362029,0.08361865,pallet,seagull,dumpster,Unclassified,animal,container,0.102313762,0.370312289,im2,im2,conditions_file_4,,,,,,,,,,,,,,,,,
,,164275,2024-11-26_10h16.13.161,WM_Deepgen,2023.2.1,MacIntel,59.88023952,,,,,,,,,,,,,,,,,,,,,,,,,,,,,,,,,,,,415.4935,416.4925,416.4925,416.9924,419.9927,422.9928,[0.3606703888174807],[-0.2852466259640103],[1],[0],[0],[1.1123999996184466],"[""memoranda_stim""]",1,mainTask,,,422.9931,423.9927,,,,,,img1,0.666666667,valid,img1,1,1,0.5,0.25,1,0.75,3,0,1,flashing_distractor,0.2,0.2,0.2,0.2,0.2,1,./stimuli/42_2.jpg,./stimuli/42_3.jpg,./stimuli/42_1.jpg,./stimuli/42_2.jpg,./stimuli/42_3.jpg,0.06875,0.09625,0.034375,-0.048125,left,0.33,./stimuli/distractors/snowmobile_08s.jpg,im1_distractor,./stimuli/distractors/snowmobile_09s.jpg,im1_distractor,./stimuli/distractors/peanut_08s.jpg,im2_distractor,./stimuli/distractors/peanut_03s.jpg,im2_distractor,0.37,-0.25,0,0.35,0,-0.35,-0.37,-0.25,0.37,0.25,-0.37,0.25,./stimuli/42_2.jpg,./stimuli/42_3.jpg,left,./stimuli/cue_left.png,,,,,,,,,,,,,,,,,,,,,,,,,,,,,,,,,,,,,,,,,416.9924,417.9926,417.9928,418.2427,418.2427,419.2426,419.2427,419.2428,419.2428,419.9926,422.9929,422.9931,,0,8,8,62,1,,,,,,,,,,,,,,,,142,42_1.jpg,dessert,container,fruit,0.618657931,0.051082558,42_2.jpg,42_3.jpg,-0.19051054,0.428147391,-0.177316158,0.027124811,0.078207369,0.070848756,sorbet,snowmobile,peanut,dessert,container,fruit,0.051082558,0.618657931,im2,im2,conditions_file_4,,,,,,,,,,,,,,,,,
,,164275,2024-11-26_10h16.13.161,WM_Deepgen,2023.2.1,MacIntel,59.88023952,,,,,,,,,,,,,,,,,,,,,,,,,,,,,,,,,,,,423.9935,424.9927,424.9928,425.4926,428.4927,431.4927,[-0.367940633033419],[-0.2688132631748072],[1],[0],[0],[1.9120999999045125],"[""memoranda_stim""]",1,mainTask,,,431.493,432.4926,,,,,,img2,0.666666667,valid,img2,1,1,0.5,0.25,1,0.75,3,0,1,flashing_distractor,0.2,0.2,0.2,0.2,0.2,1,./stimuli/107_2.jpg,./stimuli/107_3.jpg,./stimuli/107_1.jpg,./stimuli/107_2.jpg,./stimuli/107_3.jpg,0.09625,0.06875,0.048125,-0.034375,right,0.33,./stimuli/distractors/dalmatian_10s.jpg,im1_distractor,./stimuli/distractors/dalmatian_06s.jpg,im1_distractor,./stimuli/distractors/petal_10s.jpg,im2_distractor,./stimuli/distractors/petal_07s.jpg,im2_distractor,-0.37,-0.25,-0.37,0.25,0,0.35,0,-0.35,0.37,-0.25,0.37,0.25,./stimuli/107_3.jpg,./stimuli/107_2.jpg,right,./stimuli/cue_right.png,,,,,,,,,,,,,,,,,,,,,,,,,,,,,,,,,,,,,,,,,425.4927,426.4926,426.4927,426.7426,426.7427,427.7426,427.7426,427.7427,427.7428,428.4926,431.4929,431.493,,0,9,9,186,1,,,,,,,,,,,,,,,,73,107_1.jpg,container,animal,Unclassified,0.131422606,0.127518642,107_2.jpg,107_3.jpg,0.015661982,0.147084588,0.046756621,0.002290293,0.129808935,-0.001257503,toolbox,dalmatian,petal,container,animal,Unclassified,0.127518642,0.131422606,im2,im2,conditions_file_4,,,,,,,,,,,,,,,,,
,,164275,2024-11-26_10h16.13.161,WM_Deepgen,2023.2.1,MacIntel,59.88023952,,,,,,,,,,,,,,,,,,,,,,,,,,,,,,,,,,,,432.4935,433.4925,433.4927,433.9917,436.9922,439.992,[-0.2799144440874036],[0.17569589492287918],[1],[0],[0],[1.2310999999046999],"[""memoranda_stim""]",1,mainTask,,,439.9923,440.9928,,,,,,img1,0.666666667,valid,img1,1,1,0.5,0.25,1,0.75,3,0,1,flashing_distractor,0.2,0.2,0.2,0.2,0.2,1,./stimuli/34_2.jpg,./stimuli/34_3.jpg,./stimuli/34_1.jpg,./stimuli/34_2.jpg,./stimuli/34_3.jpg,0.06875,0.09625,0.034375,-0.048125,left,0.33,./stimuli/distractors/loincloth_08s.jpg,im1_distractor,./stimuli/distractors/loincloth_05s.jpg,im1_distractor,./stimuli/distractors/paper_plate_07s.jpg,im2_distractor,./stimuli/distractors/paper_plate_03s.jpg,im2_distractor,-0.37,0.25,-0.37,-0.25,0.37,0.25,0,0.35,0.37,-0.25,0,-0.35,./stimuli/34_2.jpg,./stimuli/34_3.jpg,left,./stimuli/cue_left.png,,,,,,,,,,,,,,,,,,,,,,,,,,,,,,,,,,,,,,,,,433.9918,434.9926,434.9927,435.2424,435.2426,436.2425,436.2427,436.2427,436.2427,436.9921,439.9922,439.9923,,0,10,10,199,1,,,,,,,,,,,,,,,,100,34_1.jpg,Unclassified,clothing,Unclassified,0.495486843,0.077554061,34_2.jpg,34_3.jpg,0.112196147,0.60768299,0.018967341,0.031162996,0.108717057,0.001587598,paper_towel,loincloth,paper_plate,Unclassified,clothing,Unclassified,0.077554061,0.495486843,im2,im2,conditions_file_4,,,,,,,,,,,,,,,,,
,,164275,2024-11-26_10h16.13.161,WM_Deepgen,2023.2.1,MacIntel,59.88023952,,,,,,,,,,,,,,,,,,,,,,,,,,,,,,,,,,,,440.9938,441.9925,441.9926,442.4925,445.4918,448.4926,[-0.32604133194087404],[0.22550309286632392],[1],[0],[0],[1.0149000000953947],"[""memoranda_stim""]",1,mainTask,,,448.4928,449.4923,,,,,,img2,0.833333333,valid,img2,1,1,0.5,0.25,1,0.75,3,0,1,flashing_distractor,0.2,0.2,0.2,0.2,0.2,-1,./stimuli/175_2.jpg,./stimuli/175_3.jpg,./stimuli/175_1.jpg,./stimuli/175_3.jpg,./stimuli/175_2.jpg,0.01375,0.15125,0.006875,-0.075625,left,0.33,./stimuli/distractors/snow_10s.jpg,im1_distractor,./stimuli/distractors/snow_06s.jpg,im1_distractor,./stimuli/distractors/tuning_fork_05s.jpg,im2_distractor,./stimuli/distractors/tuning_fork_02s.jpg,im2_distractor,-0.37,0.25,0.37,-0.25,0,-0.35,0,0.35,0.37,0.25,-0.37,-0.25,./stimuli/175_3.jpg,./stimuli/175_2.jpg,left,./stimuli/cue_left.png,,,,,,,,,,,,,,,,,,,,,,,,,,,,,,,,,,,,,,,,,442.4926,443.4925,443.4926,443.7424,443.7426,444.7421,444.7421,444.7422,444.7422,445.4918,448.4926,448.4928,,0,11,11,56,1,,,,,,,,,,,,,,,,98,175_1.jpg,Unclassified,Unclassified,Unclassified,0.983788063,0.091477684,175_2.jpg,175_3.jpg,-0.29084191,0.692946153,-0.304225546,0.12022044,0.028742756,-0.003456058,pennant,snow,tuning_fork,Unclassified,Unclassified,Unclassified,-0.091477684,0.983788063,im2,im1,conditions_file_4,,,,,,,,,,,,,,,,,
,,164275,2024-11-26_10h16.13.161,WM_Deepgen,2023.2.1,MacIntel,59.88023952,,,,,,,,,,,,,,,,,,,,,,,,,,,,,,,,,,,,449.4929,450.4925,450.4926,450.9925,453.9923,456.9925,"[-0.4018265986503856,0.3808995420951157]","[-0.23447039685089974,0.16796875]","[1,1]","[0,0]","[0,0]","[0.9145999999047945,1.997800000190864]","[""distractor_mem_stim"",""distractor_im_1""]",0,mainTask,,,456.9929,457.9924,,,,,,img2,0.666666667,invalid,img1,1,1,0.5,0.25,1,0.75,3,0,1,flashing_distractor,0.2,0.2,0.2,0.2,0.2,-1,./stimuli/1_2.jpg,./stimuli/1_3.jpg,./stimuli/1_1.jpg,./stimuli/1_3.jpg,./stimuli/1_2.jpg,0.06875,0.09625,0.034375,-0.048125,left,0.33,./stimuli/distractors/sardine_08s.jpg,im1_distractor,./stimuli/distractors/sardine_05s.jpg,im1_distractor,./stimuli/distractors/mask_10s.jpg,im2_distractor,./stimuli/distractors/mask_07s.jpg,im2_distractor,0,0.35,-0.37,-0.25,-0.37,0.25,0.37,0.25,0,-0.35,0.37,-0.25,./stimuli/1_2.jpg,./stimuli/1_3.jpg,right,./stimuli/cue_right.png,,,,,,,,,,,,,,,,,,,,,,,,,,,,,,,,,,,,,,,,,450.9927,451.9925,451.9927,452.2424,452.2425,453.2423,453.2424,453.2424,453.2424,453.9923,456.9927,456.9929,,0,12,12,59,1,,,,,,,,,,,,,,,,17,1_1.jpg,vehicle,Unclassified,clothing,0.127330116,0.029331153,1_2.jpg,1_3.jpg,-0.198246656,-0.070916541,0.423047743,0.088679801,0.059348649,0.069036748,submarine,sardine,mask,vehicle,Unclassified,clothing,-0.029331152,0.127330115,im2,im1,conditions_file_4,,,,,,,,,,,,,,,,,
,,164275,2024-11-26_10h16.13.161,WM_Deepgen,2023.2.1,MacIntel,59.88023952,,,,,,,,,,,,,,,,,,,,,,,,,,,,,,,,,,,,457.9932,458.9924,458.9924,459.4923,462.4924,465.4925,[0.009509559768637533],[0.3466621143958869],[1],[0],[0],[0.9292999997139759],"[""memoranda_stim""]",1,mainTask,,,465.4929,466.4924,,,,,,img1,0.666666667,valid,img1,1,1,0.5,0.25,1,0.75,3,0,1,flashing_distractor,0.2,0.2,0.2,0.2,0.2,1,./stimuli/70_2.jpg,./stimuli/70_3.jpg,./stimuli/70_1.jpg,./stimuli/70_2.jpg,./stimuli/70_3.jpg,0.06875,0.09625,0.034375,-0.048125,left,0.33,./stimuli/distractors/stretcher_09s.jpg,im1_distractor,./stimuli/distractors/stretcher_03s.jpg,im1_distractor,./stimuli/distractors/acorn_14n.jpg,im2_distractor,./stimuli/distractors/acorn_02n.jpg,im2_distractor,0,0.35,-0.37,0.25,0.37,0.25,0,-0.35,0.37,-0.25,-0.37,-0.25,./stimuli/70_2.jpg,./stimuli/70_3.jpg,left,./stimuli/cue_left.png,,,,,,,,,,,,,,,,,,,,,,,,,,,,,,,,,,,,,,,,,459.4924,460.4925,460.4926,460.7424,460.7425,461.7422,461.7423,461.7423,461.7423,462.4923,465.4927,465.4928,,0,13,13,187,1,,,,,,,,,,,,,,,,210,70_1.jpg,animal,Unclassified,fruit,0.982175561,0.018147709,70_2.jpg,70_3.jpg,-0.318018579,0.664156982,-0.276615164,0.071706375,0.053558667,0.065163233,moth,stretcher,acorn,animal,Unclassified,fruit,-0.018147708,0.982175561,im2,im1,conditions_file_4,,,,,,,,,,,,,,,,,
,,164275,2024-11-26_10h16.13.161,WM_Deepgen,2023.2.1,MacIntel,59.88023952,,,,,,,,,,,,,,,,,,,,,,,,,,,,,,,,,,,,466.4932,467.4925,467.4926,467.9924,470.9922,473.9924,[0.39177980398457585],[0.29593609415167094],[1],[0],[0],[1.9477999997138795],"[""distractor_im_3""]",0,mainTask,,,473.9928,474.9924,,,,,,img2,0.666666667,valid,img2,1,1,0.5,0.25,1,0.75,3,0,1,flashing_distractor,0.2,0.2,0.2,0.2,0.2,1,./stimuli/45_2.jpg,./stimuli/45_3.jpg,./stimuli/45_1.jpg,./stimuli/45_2.jpg,./stimuli/45_3.jpg,0.09625,0.06875,0.048125,-0.034375,right,0.33,./stimuli/distractors/porcupine_12s.jpg,im1_distractor,./stimuli/distractors/porcupine_02s.jpg,im1_distractor,./stimuli/distractors/toaster_12s.jpg,im2_distractor,./stimuli/distractors/toaster_07s.jpg,im2_distractor,0.37,-0.25,-0.37,0.25,0,0.35,0,-0.35,-0.37,-0.25,0.37,0.25,./stimuli/45_3.jpg,./stimuli/45_2.jpg,right,./stimuli/cue_right.png,,,,,,,,,,,,,,,,,,,,,,,,,,,,,,,,,,,,,,,,,467.9925,468.9924,468.9926,469.2424,469.2424,470.2425,470.2425,470.2426,470.2426,470.9922,473.9926,473.9927,,0,14,14,244,1,,,,,,,,,,,,,,,,77,45_1.jpg,Unclassified,animal,kitchen appliance,0.609413884,0.090645919,45_2.jpg,45_3.jpg,-0.11494796,0.494465924,-0.150249098,0.036888303,0.127534222,0.03910964,binder,porcupine,toaster,Unclassified,animal,kitchen appliance,0.090645919,0.609413884,im2,im2,conditions_file_4,,,,,,,,,,,,,,,,,
,,164275,2024-11-26_10h16.13.161,WM_Deepgen,2023.2.1,MacIntel,59.88023952,,,,,,,,,,,,,,,,,,,,,,,,,,,,,,,,,,,,474.9934,475.9924,475.9925,476.4923,479.4923,482.4921,[0.33703707422879176],[-0.25553803823907456],[1],[0],[0],[1.2791999998091796],"[""distractor_mem_stim""]",0,mainTask,,,482.4922,483.4923,,,,,,img2,0.666666667,invalid,img1,1,1,0.5,0.25,1,0.75,3,0,1,flashing_distractor,0.2,0.2,0.2,0.2,0.2,1,./stimuli/265_2.jpg,./stimuli/265_3.jpg,./stimuli/265_1.jpg,./stimuli/265_2.jpg,./stimuli/265_3.jpg,0.09625,0.06875,0.048125,-0.034375,right,0.33,./stimuli/distractors/tumbleweed_01b.jpg,im1_distractor,./stimuli/distractors/tumbleweed_02n.jpg,im1_distractor,./stimuli/distractors/hot_tub_02s.jpg,im2_distractor,./stimuli/distractors/hot_tub_11s.jpg,im2_distractor,-0.37,0.25,0.37,-0.25,0,-0.35,0,0.35,0.37,0.25,-0.37,-0.25,./stimuli/265_2.jpg,./stimuli/265_3.jpg,left,./stimuli/cue_left.png,,,,,,,,,,,,,,,,,,,,,,,,,,,,,,,,,,,,,,,,,476.4925,477.4925,477.4926,477.7417,477.7418,478.7424,478.7425,478.7425,478.7426,479.4922,482.4921,482.4922,,0,15,15,172,1,,,,,,,,,,,,,,,,128,265_1.jpg,Unclassified,plant,container,0.854162105,0.090785195,265_2.jpg,265_3.jpg,-0.232705276,0.621456829,-0.293161386,0.116622724,0.025837528,0.047641607,folder,tumbleweed,hot_tub,Unclassified,plant,container,-0.090785196,0.854162105,im2,im1,conditions_file_4,,,,,,,,,,,,,,,,,
,,164275,2024-11-26_10h16.13.161,WM_Deepgen,2023.2.1,MacIntel,59.88023952,,,,,,,,,,,,,,,,,,,,,,,,,,,,,,,,,,,,483.4929,484.4915,484.4916,484.9922,487.9924,490.9922,[-0.38547859093830333],[-0.250753133033419],[1],[0],[0],[1.3123000001908167],"[""memoranda_stim""]",1,mainTask,,,490.9924,491.9913,,,,,,img2,0.833333333,valid,img2,1,1,0.5,0.25,1,0.75,3,0,1,flashing_distractor,0.2,0.2,0.2,0.2,0.2,-1,./stimuli/275_2.jpg,./stimuli/275_3.jpg,./stimuli/275_1.jpg,./stimuli/275_3.jpg,./stimuli/275_2.jpg,0.01375,0.15125,0.006875,-0.075625,left,0.33,./stimuli/distractors/jet_11s.jpg,im1_distractor,./stimuli/distractors/jet_01b.jpg,im1_distractor,./stimuli/distractors/phone_12s.jpg,im2_distractor,./stimuli/distractors/phone_08s.jpg,im2_distractor,-0.37,-0.25,0,0.35,0,-0.35,0.37,-0.25,-0.37,0.25,0.37,0.25,./stimuli/275_3.jpg,./stimuli/275_2.jpg,left,./stimuli/cue_left.png,,,,,,,,,,,,,,,,,,,,,,,,,,,,,,,,,,,,,,,,,484.9923,485.9923,485.9925,486.2423,486.2424,487.2424,487.2426,487.2426,487.2426,487.9923,490.9924,490.9924,,0,16,16,215,1,,,,,,,,,,,,,,,,158,275_1.jpg,Unclassified,vehicle,Unclassified,0.97650145,0.090968832,275_2.jpg,275_3.jpg,-0.299987205,0.676514245,-0.352046305,0.11190392,0.020935089,0.042396246,payphone,jet,phone,Unclassified,vehicle,Unclassified,-0.090968831,0.97650145,im2,im1,conditions_file_4,,,,,,,,,,,,,,,,,
,,164275,2024-11-26_10h16.13.161,WM_Deepgen,2023.2.1,MacIntel,59.88023952,,,,,,,,,,,,,,,,,,,,,,,,,,,,,,,,,,,,491.9921,492.9924,492.9924,493.4922,496.4925,499.4924,[0.3366002570694087],[0.17911511889460155],[1],[0],[0],[0.9454000000953329],"[""memoranda_stim""]",1,mainTask,,,499.4927,500.4923,,,,,,img2,0.833333333,valid,img2,1,1,0.5,0.25,1,0.75,3,0,1,flashing_distractor,0.2,0.2,0.2,0.2,0.2,1,./stimuli/155_2.jpg,./stimuli/155_3.jpg,./stimuli/155_1.jpg,./stimuli/155_2.jpg,./stimuli/155_3.jpg,0.15125,0.01375,0.075625,-0.006875,right,0.33,./stimuli/distractors/lion_14s.jpg,im1_distractor,./stimuli/distractors/lion_02s.jpg,im1_distractor,./stimuli/distractors/seahorse_15s.jpg,im2_distractor,./stimuli/distractors/seahorse_06s.jpg,im2_distractor,0.37,0.25,-0.37,-0.25,0,-0.35,0.37,-0.25,-0.37,0.25,0,0.35,./stimuli/155_3.jpg,./stimuli/155_2.jpg,right,./stimuli/cue_right.png,,,,,,,,,,,,,,,,,,,,,,,,,,,,,,,,,,,,,,,,,493.4923,494.4923,494.4925,494.7422,494.7423,495.7419,495.7419,495.7419,495.7419,496.4924,499.4926,499.4926,,0,17,17,232,1,,,,,,,,,,,,,,,,235,155_1.jpg,Unclassified,animal,animal,0.728576364,0.09099065,155_2.jpg,155_3.jpg,-0.111583283,0.616993081,-0.129723626,0.129934945,0.038944295,0.055459892,ribbon,lion,seahorse,Unclassified,animal,animal,-0.09099065,0.728576364,im2,im1,conditions_file_4,,,,,,,,,,,,,,,,,
,,164275,2024-11-26_10h16.13.161,WM_Deepgen,2023.2.1,MacIntel,59.88023952,,,,,,,,,,,,,,,,,,,,,,,,,,,,,,,,,,,,500.4931,501.4924,501.4924,501.9923,504.9923,507.9923,[-0.3693163560411311],[-0.21340275546272494],[1],[0],[0],[0.8790999999046107],"[""memoranda_stim""]",1,mainTask,,,507.9926,508.9922,,,,,,img1,0.666666667,valid,img1,1,1,0.5,0.25,1,0.75,3,0,1,flashing_distractor,0.2,0.2,0.2,0.2,0.2,1,./stimuli/72_2.jpg,./stimuli/72_3.jpg,./stimuli/72_1.jpg,./stimuli/72_2.jpg,./stimuli/72_3.jpg,0.06875,0.09625,0.034375,-0.048125,left,0.33,./stimuli/distractors/ostrich_05s.jpg,im1_distractor,./stimuli/distractors/ostrich_08s.jpg,im1_distractor,./stimuli/distractors/magnifying_glass_06s.jpg,im2_distractor,./stimuli/distractors/magnifying_glass_02s.jpg,im2_distractor,-0.37,-0.25,-0.37,0.25,0,0.35,0,-0.35,0.37,0.25,0.37,-0.25,./stimuli/72_2.jpg,./stimuli/72_3.jpg,left,./stimuli/cue_left.png,,,,,,,,,,,,,,,,,,,,,,,,,,,,,,,,,,,,,,,,,501.9923,502.9922,502.9924,503.2423,503.2424,504.2419,504.242,504.242,504.242,504.9922,507.9925,507.9926,,0,18,18,53,1,,,,,,,,,,,,,,,,146,72_1.jpg,Unclassified,animal,Unclassified,0.978551523,0.053385905,72_2.jpg,72_3.jpg,-0.300601374,0.677950149,-0.290052272,0.094941977,0.041556073,0.076423906,memory_stick,ostrich,magnifying_glass,Unclassified,animal,Unclassified,-0.053385904,0.978551523,im2,im1,conditions_file_4,,,,,,,,,,,,,,,,,
,,164275,2024-11-26_10h16.13.161,WM_Deepgen,2023.2.1,MacIntel,59.88023952,,,,,,,,,,,,,,,,,,,,,,,,,,,,,,,,,,,,508.9931,509.9912,509.9913,510.4912,513.4923,516.4922,[0.020389821658097686],[-0.31741042737789205],[1],[0],[0],[1.3788000001907221],"[""distractor_im_3""]",0,mainTask,,,516.4924,517.4921,,,,,,img1,0.833333333,valid,img1,1,1,0.5,0.25,1,0.75,3,0,1,flashing_distractor,0.2,0.2,0.2,0.2,0.2,-1,./stimuli/224_2.jpg,./stimuli/224_3.jpg,./stimuli/224_1.jpg,./stimuli/224_3.jpg,./stimuli/224_2.jpg,0.15125,0.01375,0.075625,-0.006875,right,0.33,./stimuli/distractors/drill_06s.jpg,im1_distractor,./stimuli/distractors/drill_01b.jpg,im1_distractor,./stimuli/distractors/can_opener_05s.jpg,im2_distractor,./stimuli/distractors/can_opener_11s.jpg,im2_distractor,-0.37,-0.25,0,0.35,0.37,0.25,0.37,-0.25,-0.37,0.25,0,-0.35,./stimuli/224_2.jpg,./stimuli/224_3.jpg,right,./stimuli/cue_right.png,,,,,,,,,,,,,,,,,,,,,,,,,,,,,,,,,,,,,,,,,510.4913,511.4922,511.4923,511.7423,511.7424,512.7422,512.7424,512.7424,512.7424,513.4922,516.4923,516.4924,,0,19,19,102,1,,,,,,,,,,,,,,,,44,224_1.jpg,Unclassified,tool,tool,0.362663405,0.070146255,224_2.jpg,224_3.jpg,0.181708554,0.544371959,0.392030764,-0.002468264,0.067677991,0.051170464,incense,drill,can_opener,Unclassified,tool,tool,0.070146255,0.362663405,im2,im2,conditions_file_4,,,,,,,,,,,,,,,,,
,,164275,2024-11-26_10h16.13.161,WM_Deepgen,2023.2.1,MacIntel,59.88023952,,,,,,,,,,,,,,,,,,,,,,,,,,,,,,,,,,,,517.4931,518.4921,518.4922,518.9921,521.9921,524.9922,[-0.420423963688946],[0.24114315552699228],[1],[0],[0],[1.8456999998093124],"[""memoranda_stim""]",1,mainTask,,,524.9925,525.9921,,,,,,img1,0.833333333,valid,img1,1,1,0.5,0.25,1,0.75,3,0,1,flashing_distractor,0.2,0.2,0.2,0.2,0.2,1,./stimuli/197_2.jpg,./stimuli/197_3.jpg,./stimuli/197_1.jpg,./stimuli/197_2.jpg,./stimuli/197_3.jpg,0.01375,0.15125,0.006875,-0.075625,left,0.33,./stimuli/distractors/moss_03s.jpg,im1_distractor,./stimuli/distractors/moss_11s.jpg,im1_distractor,./stimuli/distractors/cleat_08s.jpg,im2_distractor,./stimuli/distractors/cleat_02s.jpg,im2_distractor,-0.37,0.25,0.37,-0.25,0.37,0.25,-0.37,-0.25,0,-0.35,0,0.35,./stimuli/197_2.jpg,./stimuli/197_3.jpg,left,./stimuli/cue_left.png,,,,,,,,,,,,,,,,,,,,,,,,,,,,,,,,,,,,,,,,,518.9921,519.9921,519.9922,520.2422,520.2423,521.2422,521.2422,521.2423,521.2423,521.9921,524.9924,524.9925,,0,20,20,0,1,,,,,,,,,,,,,,,,90,197_1.jpg,Unclassified,Unclassified,Unclassified,1.209080243,0.127937366,197_2.jpg,197_3.jpg,-0.466668399,0.742411843,-0.462225877,0.012203205,0.140140571,0.024961239,webcam,moss,cleat,Unclassified,Unclassified,Unclassified,0.127937366,1.209080242,im2,im2,conditions_file_4,,,,,,,,,,,,,,,,,
,,164275,2024-11-26_10h16.13.161,WM_Deepgen,2023.2.1,MacIntel,59.88023952,,,,,,,,,,,,,,,,,,,,,,,,,,,,,,,,,,,,525.9931,526.9922,526.9922,527.4918,530.4911,533.4919,[],[],[],[],[],[],[],0,mainTask,,,533.4921,534.492,,,,,,img1,0.666666667,valid,img1,1,1,0.5,0.25,1,0.75,3,0,1,flashing_distractor,0.2,0.2,0.2,0.2,0.2,-1,./stimuli/77_2.jpg,./stimuli/77_3.jpg,./stimuli/77_1.jpg,./stimuli/77_3.jpg,./stimuli/77_2.jpg,0.09625,0.06875,0.048125,-0.034375,right,0.33,./stimuli/distractors/telephone_pole_08s.jpg,im1_distractor,./stimuli/distractors/telephone_pole_04s.jpg,im1_distractor,./stimuli/distractors/cheesecake_05s.jpg,im2_distractor,./stimuli/distractors/cheesecake_15s.jpg,im2_distractor,0,-0.35,-0.37,-0.25,0,0.35,0.37,-0.25,-0.37,0.25,0.37,0.25,./stimuli/77_2.jpg,./stimuli/77_3.jpg,right,./stimuli/cue_right.png,,,,,,,,,,,,,,,,,,,,,,,,,,,,,,,,,,,,,,,,,527.4918,528.4921,528.4922,528.741,528.741,529.7421,529.7423,529.7424,529.7424,530.491,533.492,533.492,,0,21,21,175,1,,,,,,,,,,,,,,,,269,77_1.jpg,dessert,Unclassified,Unclassified,0.98005489,0.124056179,77_2.jpg,77_3.jpg,-0.223331005,0.756723885,-0.282995142,0.021521773,0.145577951,0.001897114,sorbet,telephone_pole,cheesecake,dessert,Unclassified,Unclassified,0.124056178,0.98005489,im2,im2,conditions_file_4,,,,,,,,,,,,,,,,,
,,164275,2024-11-26_10h16.13.161,WM_Deepgen,2023.2.1,MacIntel,59.88023952,,,,,,,,,,,,,,,,,,,,,,,,,,,,,,,,,,,,534.4927,535.4918,535.4919,535.992,538.9923,,,,,,,,,,mainTask,,,,,,,,,,img2,0.666666667,invalid,img1,1,1,0.5,0.25,1,0.75,3,0,1,flashing_distractor,0.2,0.2,0.2,0.2,0.2,1,./stimuli/206_2.jpg,./stimuli/206_3.jpg,./stimuli/206_1.jpg,./stimuli/206_2.jpg,./stimuli/206_3.jpg,0.09625,0.06875,0.048125,-0.034375,right,0.33,./stimuli/distractors/volleyball_15s.jpg,im1_distractor,./stimuli/distractors/volleyball_08s.jpg,im1_distractor,./stimuli/distractors/needle_10n.jpg,im2_distractor,./stimuli/distractors/needle_09s.jpg,im2_distractor,0.37,0.25,-0.37,-0.25,0,0.35,-0.37,0.25,0.37,-0.25,0,-0.35,./stimuli/206_2.jpg,./stimuli/206_3.jpg,left,./stimuli/cue_left.png,,,,,,,,,,,,,,,,,,,,,,,,,,,,,,,,,,,,,,,,,535.992,536.9919,536.9919,537.2419,537.2419,538.2421,538.2421,538.2422,538.2422,538.9922,,,,0,22,22,34,1,,,,0,0,0,0,1,0,2,2,2,1,./resources/conditions_file_4.csv,"Now you are ready to start the experiment! Try your hardest and remember to focus on the center of the screen. 

There will be ten 5-minute blocks, with a short break between each.

Press 'y' to begin.",94,206_1.jpg,Unclassified,Unclassified,Unclassified,0.117072085,0.105179249,206_2.jpg,206_3.jpg,0.356257888,0.473329973,0.246962638,0.120716843,0.015537595,0.000435739,sugar_cube,volleyball,needle,Unclassified,Unclassified,Unclassified,-0.105179248,0.117072085,im2,im1,conditions_file_4,0,0,0,0,1,0,0,0,0,4,1,10,./resources/taskPhases_4.csv,taskPhases_4,2,4,299